,reaction_id,EC_number
0,FHL,1.1.99.33
1,GDMANE,1.1.1.271
2,CS,2.3.3.16
3,CS,2.3.3.1
4,PDH,1.2.4.1
5,EX_14glucan_e,2.4.1.161
6,OCOAT1,2.8.3.5
7,OMAHY,4.2.1.80
8,14GLUCANtexi,2.4.1.161
9,23PDE2pp,3.1.4.16
10,23PDE4pp,3.1.4.16
11,23PDE7pp,3.1.4.16
12,23PDE9pp,3.1.4.16
13,2AGPEAT160,2.3.1.40
14,2AGPEAT180,2.3.1.40
15,ACMAMUT,2.4.1.180
16,3HAD100,4.2.1.59
17,3HAD120,4.2.1.59
18,3HAD121,4.2.1.61
19,3HAD140,4.2.1.59
20,3HAD141,4.2.1.61
21,3HAD160,4.2.1.59
22,3HAD161,4.2.1.61
23,3HAD180,4.2.1.61
24,3HAD181,4.2.1.61
25,3HAD40,4.2.1.58
26,3HAD60,4.2.1.59
27,3HAD80,4.2.1.59
28,3HCINNMH,1.14.13.127
29,3HPPPNH,1.14.13.127
30,3KGK,2.7.1.53
31,3NTD2pp,3.1.3.6
32,3NTD4pp,3.1.3.6
33,3NTD7pp,3.1.3.6
34,3NTD9pp,3.1.3.6
35,3OAR100,2.3.1.86
36,3OAR120,2.3.1.86
37,3OAR121,1.1.1.100
38,3OAR140,2.3.1.86
39,3OAR141,1.1.1.100
40,3OAR160,2.3.1.86
41,3OAR161,1.1.1.100
42,3OAR180,1.1.1.100
43,3OAR181,1.1.1.100
44,3OAR40,1.1.1.100
45,3OAR60,2.3.1.86
46,3OAR80,2.3.1.86
47,3OAS100,2.3.1.86
48,3OAS120,2.3.1.86
49,3OAS121,2.3.1.41
50,3OAS140,2.3.1.86
51,3OAS141,2.3.1.41
52,3OAS160,2.3.1.86
53,3OAS161,2.3.1.41
54,3OAS180,2.3.1.41
55,3OAS181,2.3.1.179
56,3OAS60,2.3.1.86
57,3OAS80,2.3.1.86
58,3OXCOAT,2.3.1.174
59,42A12BOOXpp,1.4.99.4
60,4HTHRS,4.2.3.1
61,5DGLCNR,1.1.1.69
62,A5PISO,5.3.1.13
63,AACPS1,6.2.1.20
64,AACPS2,6.2.1.20
65,AACPS3,6.2.1.20
66,AACPS6,6.2.1.20
67,AACPS7,6.2.1.l
68,AACPS8,6.2.1.20
69,AACPS9,6.2.1.l
70,AACTOOR,1.4.3.6
71,AB6PGH,3.2.1.86
72,ABTA,2.6.1.19
73,ABUTD,1.2.1.3
74,ACACCT,2.8.3.8
75,ACACT1r,2.3.1.9
76,ACACT2r,2.3.1.9
77,ACACT3r,2.3.1.9
78,ACACT4r,2.3.1.9
79,ACACT5r,2.3.1.9
80,ACACT6r,2.3.1.9
81,ACACT7r,2.3.1.9
82,ACALD,1.2.1.10
83,ACBIPGT,2.7.7.62
84,ACCOAC,6.4.1.2
85,ACCOAL,6.2.1.13
86,ACGAL1PPpp,3.1.3.10
87,ACGAM1PPpp,3.1.3.10
88,ACGAMK,2.7.1.59
89,ACGK,2.7.2.8
90,ACGS,2.3.1.1
91,ACHBS,2.2.1.6
92,ACKr,2.7.2.15
93,ACLS,2.2.1.6
94,ACM6PH,4.2.1.126
95,ACNML,4.1.3.3
96,ACOAD1f,1.3.99.3
97,ACOAD2f,1.3.99.3
98,ACOAD3f,1.3.99.3
99,ACOAD4f,1.3.99.3
100,ACOAD5f,1.3.99.3
101,ACOAD6f,1.3.99.3
102,ACOAD7f,1.3.99.3
103,ACOATA,2.3.1.86
104,ACODA,3.5.1.16
105,ACONIs,5.3.3.7
106,ACONMT,2.1.1.144
107,ACONTa,4.2.1.3
108,ACONTb,4.2.1.3
109,ACOTA,2.6.1.11
110,ACPS1,2.7.8.7
111,ACS,6.2.1.1
112,ADA,3.5.4.4
113,ADCL,4.1.3.38
114,ADCS,2.6.1.85
115,ADD,3.5.4.2
116,ADK1,2.7.4.3
117,ADK3,2.7.4.4
118,ADMDC,4.1.1.50
119,ADNCYC,4.6.1.1
120,ADNK1,2.7.1.74
121,ADNUC,3.2.2.8
122,ADOCBIK,2.7.1.156
123,ADOCBLS,2.7.8.26
124,ADPRDP,3.6.1.13
125,ADPT,2.4.2.8
126,ADSK,2.7.1.25
127,ADSL1r,4.3.2.2
128,ADSL2r,4.3.2.2
129,ADSS,6.3.4.4
130,AGDC,3.5.1.25
131,AGMHE,5.1.3.20
132,AGMT,3.5.3.11
133,AGPAT120,2.3.1.51
134,AGPAT140,2.3.1.51
135,AGPAT141,2.3.1.51
136,AGPAT160,2.3.1.51
137,AGPAT161,2.3.1.51
138,AGPAT180,2.3.1.51
139,AGPAT181,2.3.1.51
140,AGPR,1.2.1.38
141,AHCYSNS,3.2.2.9
142,AICART,2.1.2.3
143,AIRC2,6.3.4.18
144,AIRC3,5.4.99.18
145,AKGDH,2.3.1.61
146,ALAALAD,3.4.13.22
147,ALAALAr,6.3.2.4
148,ALAGLUE,5.1.1.20
149,ALAR,5.1.1.1
150,ALATA_L,2.6.1.2
151,ALATRS,6.1.1.7
152,ALCD19,1.1.1.72
153,ALCD2x,1.1.1.71
154,ALDD19xr,1.2.1.5
155,ALDD2x,1.2.1.5
156,ALDD2y,1.2.1.5
157,ALLK,2.7.1.55
158,ALLTAMH,3.5.3.9
159,ALLTN,3.5.2.5
160,ALR2,1.1.1.-
161,ALTRH,4.2.1.7
162,AMALT1,2.4.1.25
163,AMALT2,2.4.1.25
164,AMANAPEr,5.1.3.9
165,AMANK,2.7.1.60
166,AMAOTr,2.6.1.62
167,AMMQLT8,2.1.1.163
168,AMPN,3.2.2.4
169,AMPTASECG,3.4.13.18
170,ANPRT,2.4.2.18
171,ANS,4.1.3.27
172,AOBUTDs,1.1.1.381
173,AOXSr2,2.3.1.47
174,AP4AH,3.6.1.41
175,AP4AS,2.7.7
176,AP5AH,3.6.1.61
177,APCS,2.5.1.16
178,APPLDHr,2.3.1.37
179,APRAUR,1.1.1.193
180,ARAI,5.3.1.4
181,ARGDC,4.1.1.19
182,ARGDCpp,4.1.1.19
183,ARGSL,4.3.2.1
184,ARGSS,6.3.4.5
185,ARGTRS,6.1.1.19
186,ARGabcpp,3.6.3.21
187,ASAD,1.2.1.11
188,ASCBPL,3.1.1.-
189,ASNN,3.5.1.38
190,ASNNpp,3.5.1.38
191,ASNS1,6.3.5.4
192,ASNS2,6.3.1.1
193,ASNTRS,6.1.1.22
194,ASO3t8pp,3.6.3.16
195,ASP1DC,4.1.1.15
196,ASPCT,2.1.3.2
197,ASPK,2.7.2.4
198,ASPO5,1.5.99
199,ASPO6,1.4.3.16
200,ASPT,4.3.1.1
201,ASPTA,2.6.1.1
202,ASPTRS,6.1.1.23
203,ASPabcpp,3.6.3.21
204,AST,2.3.1.109
205,ATHRDHr,1.1.1.381
206,ATPHs,3.5.4.18
207,ATPM,3.6.4.9
208,ATPPRT,2.4.2.17
209,ATPS4rpp,3.6.3.14
210,BETALDHx,1.2.1.8
211,BETALDHy,1.2.1.8
212,BPNT,3.1.3.7
213,BSORy,1.-.-.-
214,BUTCT,2.8.3.8
215,CAT,1.11.1.6
216,CBIAT,2.5.1.17
217,CBL1abcpp,3.6.3.33
218,CBLAT,2.5.1.17
219,CBMD,4.2.1.104
220,CBMKr,2.7.2.2
221,CBPS,6.3.5.5
222,CD2abcpp,3.6.3.46
223,CDAPPA120,3.6.1.26
224,CDAPPA140,3.6.1.26
225,CDAPPA141,3.6.1.26
226,CDAPPA160,3.6.1.26
227,CDAPPA161,3.6.1.26
228,CDAPPA180,3.6.1.26
229,CDAPPA181,3.6.1.26
230,CDGR,1.7.1.13
231,CDPMEK,2.7.1.148
232,CFAS160E,2.1.1.79
233,CFAS160G,2.1.1.79
234,CFAS180E,2.1.1.79
235,CFAS180G,2.1.1.79
236,CHOLD,1.1.1.1
237,CHORM,5.4.99.5
238,CHORS,4.2.3.5
239,CHRPL,4.1.3.40
240,CINNDO,1.14.12.19
241,CITL,4.1.3.6
242,OMAIS,5.3.3.10
243,CMPN,3.2.2.10
244,CPH4S,4.1.2.50
245,CPMPS,4.1.99.18
246,CPPPGO,1.3.3.3
247,CPPPGO2,1.3.99.22
248,CRNBTCT,2.8.3.21
249,CRNCAR,5.1.1
250,CRNCBCT,2.8.3.21
251,CRNCDH,4.2.1.149
252,CS,2.3.3.3
253,CSND,3.5.4.1
254,CTECOAI6,5.3.3.8
255,CTECOAI7,5.3.3.8
256,CTECOAI8,5.3.3.8
257,CTPS2,6.3.4.2
258,CU1Opp,1.16.3
259,CU1abcpp,3.6.3.54
260,CU2abcpp,3.6.3.4
261,CYANST,2.8.1.1
262,CYANSTpp,2.8.1.1
263,CYSDDS,4.4.1.15
264,CYSDS,4.4.1.8
265,CYSS,2.5.1.65
266,CYSSADS,4.1.1.12
267,CYSTRS,6.1.1.16
268,CYSabc2pp,3.6.3.21
269,CYSabcpp,3.6.3.21
270,CYTD,3.5.4.5
271,CYTDH,3.2.2.8
272,CYTDK2,2.7.1.48
273,CYTK1,2.7.4.25
274,CYTK2,2.7.4.25
275,DAAD,1.4.99.1
276,DADA,3.5.4.4
277,DADK,2.7.4.3
278,DAGK160,2.7.1.107
279,DAPAL,4.3.1.15
280,DAPDC,4.1.1.20
281,DAPE,5.1.1.7
282,DASYN120,2.7.7.41
283,DASYN140,2.7.7.41
284,DASYN141,2.7.7.41
285,DASYN160,2.7.7.41
286,DASYN161,2.7.7.41
287,DASYN180,2.7.7.41
288,DASYN181,2.7.7.41
289,DB4PS,4.1.99.12
290,DBTS,6.3.3.3
291,DCTPD,3.5.4.13
292,DCYTD,3.5.4.5
293,DDGALK,2.7.1.58
294,DDGLK,2.7.1.45
295,DDPA,2.5.1.54
296,DDPGALA,4.1.2.55
297,DGK1,2.7.4.8
298,DHACOAH,4.2.1.17
299,DHAD1,4.2.1.9
300,DHAD2,4.2.1.9
301,DHAPT,2.7.1.121
302,DHBD,1.3.1.28
303,DHBS,2.7.7.58
304,DHCIND,1.3.1.87
305,DHCINDO,1.13.11.16
306,DHDPRy,1.3.1.26
307,DHFR,1.5.1.3
308,DHFS,6.3.2.17
309,DHNAOT4,2.5.1.74
310,DHNPA2r,4.1.2.25
311,DHORDfum,1.3.98.1
312,DHORTS,3.5.2.3
313,DHPPD,1.3.1.87
314,DHPPDA2,3.5.4.26
315,DHPS2,2.5.1.15
316,DHPTDNR,1.5.1.34
317,DHPTDNRN,1.5.1.34
318,DHPTPE,5.1.99.d
319,DHQS,4.2.3.4
320,DHQTi,4.2.1.10
321,DKGLCNR2y,1.1.1.215
322,DMATT,2.5.1.1
323,DMPPS,1.17.1.2
324,DMQMT,2.1.1.64
325,OP4ENH2,4.2.1.132
326,DNMPPA,3.6.1.-
327,DNTPPA,3.6.1.67
328,DOGULNR,1.1.1.130
329,DPCOAK,2.7.1.24
330,DPR,1.1.1.169
331,DRPA,4.1.2.4
332,DTARTD,4.2.1.81
333,DTMPK,2.7.4.9
334,DURADx,1.3.1.1
335,DURIK1,2.7.1.21
336,DURIPP,2.4.2.4
337,DUTPDP,3.6.1.23
338,DXPRIi,1.1.1.267
339,DXPS,2.2.1.7
340,DXYLK,2.7.1
341,E4PD,1.2.1.72
342,EAR100x,2.3.1.-
343,EAR100y,2.3.1.86
344,EAR120x,2.3.1.-
345,EAR120y,2.3.1.86
346,EAR121x,1.3.1.9
347,EAR121y,1.3.1.10
348,EAR140x,2.3.1.-
349,EAR140y,2.3.1.86
350,EAR141x,1.3.1.9
351,EAR141y,1.3.1.10
352,EAR160x,1.3.1.9
353,EAR160y,1.3.1.10
354,EAR161x,1.3.1.9
355,EAR161y,1.3.1.10
356,EAR180x,1.3.1.9
357,EAR180y,1.3.1.10
358,EAR181x,1.3.1.9
359,EAR181y,1.3.1.10
360,EAR40x,2.3.1.-
361,EAR40y,2.3.1.86
362,EAR60x,2.3.1.-
363,EAR60y,2.3.1.86
364,EAR80x,2.3.1.-
365,EAR80y,2.3.1.86
366,ECOAH1,4.2.1.55
367,ECOAH2,4.2.1.74
368,ECOAH3,4.2.1.74
369,ECOAH4,4.2.1.74
370,ECOAH5,4.2.1.74
371,ECOAH6,4.2.1.74
372,ECOAH7,4.2.1.74
373,ECOAH8,4.2.1.134
374,EDA,4.1.2.55
375,EDD,4.2.1.12
376,EDTXS1,2.3.1.241
377,EDTXS2,2.3.1.243
378,EGMEACPR,1.3.1.10
379,ENO,4.2.1.11
380,EPMEACPR,1.3.1.10
381,ETHAAL,4.3.1.7
382,FA100ACPHi,3.1.2.21
383,FA120ACPHi,3.1.2.21
384,FA140ACPHi,3.1.2.14
385,FA141ACPHi,3.1.2.14
386,FA160ACPHi,3.1.2.14
387,FA161ACPHi,3.1.2.14
388,FA80ACPHi,3.1.2.21
389,FACOAE100,3.1.2.2
390,FACOAE120,3.1.2.2
391,FACOAE140,3.1.2.2
392,FACOAE160,3.1.2.22
393,FACOAE180,3.1.2.2
394,FADRx,1.5.1.45
395,FADRx2,1.5.1.45
396,FBA,4.1.2.13
397,FBA3,4.1.2.13
398,FBP,3.1.3.11
399,FCI,5.3.1.3
400,FCLK,2.7.1.51
401,FCLPA,4.1.2.17
402,FCLT,4.99.1.1
403,FDMO,1.14.14.5
404,FDMO2,1.14.14.5
405,FDMO4,1.14.14.5
406,FE3abcpp,3.6.3.30
407,FEENTERabcpp,3.6.3.34
408,FEROpp,1.16.3.1
409,FFSD,3.2.1.26
410,FLVR,1.5.1.41
411,FLVRx,1.5.1.41
412,FMETTRS,2.1.2.9
413,FMNAT,2.7.7.2
414,FMNRx,1.5.1.42
415,FMNRx2,1.5.1.39
416,FOMETRi,2.1.2.10
417,FORCT,2.8.3.16
418,FRD3,1.3.99.1
419,FRUK,2.7.1.56
420,FTHFD,3.5.1.10
421,FTHFLi,6.3.4.3
422,FUM,4.2.1.2
423,G1PACT,2.3.1.157
424,G1PPpp,3.1.3.10
425,G1PTT,2.7.7.24
426,G1SAT,5.4.3.8
427,G2PP,3.1.3.19
428,G2PPpp,3.1.3.19
429,G3PAT120,2.3.1.15
430,G3PAT140,2.3.1.15
431,G3PAT141,2.3.1.15
432,G3PAT160,2.3.1.15
433,G3PAT161,2.3.1.15
434,G3PAT180,2.3.1.15
435,G3PAT181,2.3.1.15
436,OP4ENH3,4.2.1.80
437,G3PD2,1.1.1.94
438,G3PD7,1.1.99.5
439,G3PT,3.1.3.21
440,G5SD,1.2.1.41
441,G6PDA,3.5.99.6
442,G6PDH2r,1.1.1.49
443,G6PP,3.1.3.9
444,GAL1PPpp,3.1.3.94
445,GALCTD,4.2.1.42
446,GALCTND,4.2.1.6
447,GALKr,2.7.1.6
448,GALM2pp,5.1.3.3
449,GALS3,3.2.1.22
450,GALUi,2.7.7.9
451,GAPD,1.2.1.59
452,GARFT,2.1.2.2
453,GART,2.1.2.-
454,GCALDD,1.2.1.21
455,GDMANE,5
456,GDPDPK,2.7.6.5
457,GDPMNP,3.6.1.21
458,GDPTPDP,3.1.7.2
459,GF6PTA,2.6.1.16
460,GGGABADr,1.2.1.-
461,GGGABAH,3.5.1.94
462,GGPTRCS,6.3.1.11
463,GHBDHx,1.1.1.61
464,GHMT2r,2.1.2.1
465,GK1,2.7.4.8
466,GLBRAN2,2.4.1.18
467,GLCP2,2.4.1.1
468,GLCRAL,4.1.2.20
469,GLCRD,4.2.1.40
470,GLCS1,2.4.1.21
471,GLDBRAN2,2.4.1.18
472,GLGC,2.7.7.27
473,GLNS,6.3.1.2
474,GLNTRS,6.1.1.18
475,GLNabcpp,3.6.3.21
476,GLTPD,1.1.1.M6
477,GLU5K,2.7.2.11
478,GLUCYS,6.3.2.2
479,GLUDC,4.1.1.15
480,GLUDy,1.4.1.4
481,GLUN,6.3.5.5
482,GLUNpp,6.3.5.5
483,GLUPRT,2.4.2.14
484,GLUR,5.1.1.3
485,GLUSy,1.4.1.13
486,GLUTRR,1.2.1.70
487,GLUTRS,6.1.1.24
488,GLUabcpp,3.6.3.21
489,GLXCL,4.1.1.47
490,GLYAT,2.3.1.37
491,OXOADLR,1.2.4.2
492,GLYC3Pabcpp,3.6.3.20
493,GLYCDx,1.1.1.6
494,GLYCK,2.7.1.31
495,GLYCK2,2.7.1.31
496,GLYCL,2.1.2.10
497,GLYCLTDx,1.1.1.79
498,GLYCLTDy,1.1.1.79
499,GLYK,2.7.1.30
500,GLYOX3,4.2.1.130
501,GLYTRS,6.1.1.14
502,GMAND,4.2.1.47
503,GMHEPAT,2.7.7.70
504,GMPR,1.7.1.7
505,GMPS2,6.3.5.2
506,GND,1.1.1.44
507,GNK,2.7.1.12
508,GOFUCR,1.1.1.271
509,GPDDA1,3.1.4.46
510,GPDDA1pp,3.1.4.46
511,GPDDA2,3.1.4.46
512,GPDDA2pp,3.1.4.46
513,GPDDA3,3.1.4.46
514,GPDDA3pp,3.1.4.46
515,GPDDA4,3.1.4.46
516,GPDDA4pp,3.1.4.46
517,GPDDA5,3.1.4.44
518,GPDDA5pp,3.1.4.44
519,GRTT,2.5.1.10
520,GSNK,2.7.1.73
521,GTHOr,1.8.1.7
522,GTHPi,1.11.1.9
523,GTPCI,3.5.4.16
524,GTPCII2,3.5.4.25
525,GTPDPDP,3.6.1.40
526,GTPDPK,2.7.6.5
527,GUACYC,4.6.1.2
528,GUAD,3.5.4.3
529,GUAPRT,2.4.2.8
530,GUI1,5.3.1.12
531,HACD1,1.1.1.35
532,HACD2,1.1.1.35
533,HACD3,1.1.1.35
534,HACD4,1.1.1.35
535,HACD5,1.1.1.35
536,HACD6,1.1.1.35
537,HACD7,1.1.1.35
538,HADPCOADH3,1.1.1.35
539,HBZOPT,2.5.1.39
540,HCO3E,4.2.1.1
541,HCYSMT,2.1.1.10
542,HCYSMT2,2.1.1.10
543,HEMEOS,2.5.1.-
544,HEPT1,2.4
545,HEPT2,2
546,HEPT4,2.4.1.56
547,HETZK,2.7.1.50
548,HEX1,2.7.1.2
549,HEX4,2.7.1.7
550,HEX7,2.7.1.4
551,HISTD,1.1.1.23
552,HISTP,3.1.3.15
553,HISTRS,6.1.1.21
554,HISabcpp,3.6.3.21
555,OXOAEL,3.1.1.24
556,HKNDDH,3.7.1.14
557,HKNTDH,3.7.1.14
558,HMBS,4.3.1.8
559,HMPK1,2.7.1.49
560,HOPNTAL,4.1.3.39
561,HPPK2,2.7.6.3
562,HPPPNDO,1.13.11.16
563,HPYRI,5.3.1.22
564,HPYRRx,1.1.1.81
565,HPYRRy,1.1.1.81
566,HSDy,1.1.1.3
567,HSK,2.7.1.39
568,HSST,2.3.1.46
569,HSTPT,2.6.1.9
570,HXAND,1.17.1.4
571,HXCT,2.8.3.8
572,HXPRT,2.4.2.8
573,HYD3pp,1.18.99.1
574,HYPOE,3.1.3.74
575,ICDHyr,1.1.1.42
576,ICHORS,5.4.4.2
577,ICHORT,3.3.2.1
578,ICL,4.1.3.1
579,IDOND,1.1.1.366
580,IDOND2,1.1.1.264
581,IDONt2rpp,3.6.3
582,IG3PS,4.1.3.-
583,IGPDH,4.2.1.19
584,IGPS,4.1.1.48
585,ILETA,2.6.1.42
586,ILETRS,6.1.1.5
587,IMPC,3.5.4.10
588,IMPD,1.1.1.205
589,INSH,3.2.2.8
590,INSK,2.7.1.73
591,IPDDI,5.3.3.2
592,IPDPS,1.17.1.2
593,IPMD,1.1.1.85
594,IPPMIa,4.2.1.33
595,IPPMIb,4.2.1.33
596,IPPS,2.3.3.13
597,KARA1,1.1.1.86
598,KARA2,1.1.1.86
599,KAS14,2.3.1.86
600,KAS15,2.3.1.180
601,KDOCT2,2.7.7.38
602,KDOPP,3.1.3.45
603,KDOPS,2.5.1.55
604,KG6PDC,4.1.1.85
605,Kabcpp,3.6.3.12
606,L_LACD2,1.1.2.3
607,L_LACD3,1.1.2.3
608,LACZ,3.2.1.23
609,LACZpp,3.2.1.23
610,LALDO2x,1.1.1.79
611,LALDO3,1.2.1.49
612,LALGP,3.4.13.18
613,LCADi,1.2.1.22
614,LCARR,1.1.1.77
615,LCARS,1.1.1.77
616,LDH_D,1.1.1.28
617,LEUTAi,2.6.1.67
618,LEUTRS,6.1.1.4
619,LIPATPT,2.7.7.63
620,LPLIPAL1A120pp,3.1.1.5
621,LPLIPAL1A140pp,3.1.1.5
622,LPLIPAL1A141pp,3.1.1.5
623,LPLIPAL1A160pp,3.1.1.5
624,LPLIPAL1A180pp,3.1.1.5
625,LPLIPAL2A120,3.1.1.5
626,LPLIPAL2A140,3.1.1.5
627,LPLIPAL2A141,3.1.1.5
628,LPLIPAL2A160,3.1.1.5
629,LPLIPAL2A180,3.1.1.5
630,LPLIPAL2E160,3.1.1.5
631,LPLIPAL2E180,3.1.1.5
632,LSERDHr,1.1.1.276
633,LYSDC,4.1.1.18
634,LYSTRS,6.1.1.6
635,LYSabcpp,3.6.3.21
636,LYXI,5.3.1.-
637,M1PD,1.1.1.17
638,MACPD,4.1.1.87
639,MALDDH,1.1.1.83
640,MALS,2.3.3.9
641,MALTATr,2.3.1.79
642,MALTTRabcpp,3.6.3
643,MALTTTRabcpp,3.6.3
644,MALTabcpp,3.6.3.19
645,MAN1PT2,2.7.7.22
646,MAN6PI,5.3.1.8
647,MANAO,1.1.1.57
648,MANPGH,3.2.1.170
649,MCITD,4.2.1.79
650,MCITL2,4.1.3.30
651,MCITS,2.3.3.5
652,MCOATA,2.3.1.86
653,MCPST,2.8.1.2
654,MDDCP1pp,3.4.16.4
655,MDDCP2pp,3.4.16.4
656,MDDCP3pp,3.4.16.4
657,MDDCP4pp,3.4.16.4
658,MDDCP5pp,3.4.16.4
659,MDH,1.1.1.37
660,ME1,1.1.1.39
661,ME2,1.1.1.40
662,MECDPS,4.6.1.12
663,MEPCT,2.7.7.60
664,METAT,2.5.1.6
665,METS,2.1.1.13
666,METSOXR1,1.8.4.14
667,METTRS,6.1.1.10
668,MG2uabcpp,3.6.3.2
669,MGSA,4.2.3.3
670,MI1PP,3.1.3.25
671,MICITDr,4.2.1.99
672,MLDCP1App,3.4.17.13
673,MLDCP1Bpp,3.4.17.13
674,MLDCP2App,3.4.17.13
675,MLDCP2Bpp,3.4.17.13
676,MLDCP3App,3.4.17.13
677,MLTG1,3.2.1.20
678,MLTG3,3.2.1.74
679,MLTP1,2.4.1.1
680,MLTP2,2.4.1.1
681,MLTP3,2.4.1.1
682,MMCD,4.1.1.9
683,MNNH,4.2.1.8
684,MOAT,2.4.99.12
685,MOAT2,2.4.99.13
686,MOBDabcpp,3.6.3.29
687,MOHMT,2.1.2.11
688,MOX,1.1.5.4
689,MSAR,1.1.1.298
690,MTAN,3.2.2.9
691,MTHFC,3.5.4.9
692,MTHFD,1.5.1.5
693,MTHFR2,1.5.1.20
694,MTRPOX,1.5.3.2
695,NADDP,3.6.1.9
696,NADH16pp,1.6.5.3
697,NADH17pp,1.6.5.3
698,NADH18pp,1.6.5.3
699,NADK,2.7.1.23
700,NADN,3.5.1.-
701,NADPPPS,3.1.3.-
702,NADS1,6.3.1.5
703,NADTRHD,1.6.1.3
704,NAMNPP,6.3.4.21
705,NDPK1,2.7.4.6
706,NDPK2,2.7.4.6
707,NDPK3,2.7.4.6
708,NDPK4,2.7.4.6
709,NDPK5,2.7.4.6
710,NDPK6,2.7.4.6
711,NDPK7,2.7.4.6
712,NDPK8,2.7.4.6
713,NHFRBO,1.7.1.14
714,NI2abcpp,3.6.3.24
715,NI2uabcpp,3.6.3.24
716,NMNAT,2.7.7.18
717,NMNDA,3.5.1.42
718,NMNN,3.2.2.14
719,NMNt7pp,3.2.2.14
720,NNAM,3.5.1.19
721,NNATr,2.7.7.18
722,NNDMBRT,2.4.2.21
723,NNDPR,2.4.2.19
724,NO3R2bpp,1.7.99.4
725,NODOx,1.14.12.17
726,NODOy,1.14.12.17
727,NTD1,3.1.3.89
728,NTD10,3.1.3.5
729,NTD10pp,3.1.3.5
730,NTD11,3.1.3.5
731,NTD11pp,3.1.3.5
732,NTD1pp,3.1.3.89
733,NTD2,3.1.3.5
734,NTD2pp,3.1.3.5
735,NTD3,3.1.3.89
736,NTD3pp,3.1.3.89
737,NTD4,3.1.3.91
738,NTD4pp,3.1.3.91
739,NTD5,3.1.3.89
740,NTD5pp,3.1.3.89
741,NTD6,3.1.3.89
742,NTD6pp,3.1.3.89
743,NTD7,3.1.3.5
744,NTD7pp,3.1.3.5
745,NTD8,3.1.3.89
746,NTD8pp,3.1.3.89
747,NTD9,3.1.3.5
748,NTD9pp,3.1.3.5
749,NTP1,3.6.4.9
750,NTP10,3.6.1.5
751,NTP12,3.6.1
752,NTP3,3.6.5.6
753,NTP3pp,3.6.5.6
754,NTP5,3.6.1.5
755,NTPP1,3.6.1.19
756,NTPP10,3.6.1.66
757,NTPP11,3.6.1.66
758,NTPP2,3.6.1.8
759,NTPP3,3.6.1.65
760,NTPP4,3.6.1.8
761,NTPP5,3.6.1.19
762,NTPP6,3.6.1.8
763,NTPP7,3.6.1.19
764,NTPP8,3.6.1.8
765,NTPP9,3.6.1.8
766,NTPTP1,3.1.5.1
767,NTRIR2x,1.7.1.4
768,OAADC,4.1.1.3
769,OBTFL,2.3.1.54
770,OCBT,2.1.3.3
771,OCTDPS,2.5.1.90
772,OGMEACPD,4.2.1.59
773,OHPBAT,2.6.1.52
774,OHPHM,2.1.1.222
775,OMCDC,1.1.1.85
776,OMPDC,4.1.1.23
777,OP4ENH,4.2.1.80
778,OPHBDC,4.1.1.98
779,OPMEACPD,4.2.1.59
780,ORNDC,4.1.1.17
781,ORNabcpp,3.6.3.21
782,ORPT,2.4.2.10
783,OXAMTC,2.1.3.5
784,OXCDC,4.1.1.8
785,OXDHCOAT,2.3.1.223
786,P5CD,1.5.1.12
787,P5CR,1.5.1.2
788,PACCOAL,6.2.1.30
789,PANTS,6.3.2.1
790,PAPA160,3.1.3.4
791,PAPA160pp,3.1.3.4
792,PAPPT3,2.7.8.13
793,PAPSR,1.8.4.8
794,PAPSR2,1.8.4.8
795,PDE1,3.1.4.53
796,PDE4,3.1.4.35
797,PDH,2.3.1.12
798,PDX5POi,1.4.3.5
799,PDXPP,3.1.3.74
800,PEAMNOpp,1.4.3.6
801,PERD,1.1.1.290
802,PFK,2.7.1.11
803,PFK_2,2.7.1.56
804,PFK_3,2.7.1.11
805,PFL,2.3.1.54
806,PGAMT,5.4.2.10
807,PGCD,1.1.1.95
808,PGI,5.3.1.9
809,PGK,2.7.2.3
810,PGL,3.1.1.31
811,PGLYCP,3.1.3.18
812,PGM,5.4.2.12
813,PGMT,5.4.2.5
814,PGPP120,3.1.3.27
815,PGPP120pp,3.1.3.27
816,PGPP160,3.1.3.27
817,PGPP160pp,3.1.3.27
818,PGPP161,3.1.3.27
819,PGPP161pp,3.1.3.27
820,PGPP180,3.1.3.27
821,PGPP180pp,3.1.3.27
822,PGPP181,3.1.3.27
823,PGPP181pp,3.1.3.27
824,PGSA120,2.7.8.5
825,PGSA160,2.7.8.5
826,PGSA161,2.7.8.5
827,PGSA180,2.7.8.5
828,PGSA181,2.7.8.5
829,PHEMEabcpp,3.6.3.41
830,PHETA1,2.6.1.9
831,PHETRS,6.1.1.20
832,PIuabcpp,3.6.3.27
833,PLIPA1A120pp,3.1.1.32
834,PLIPA1A140pp,3.1.1.32
835,PLIPA1A141pp,3.1.1.32
836,PLIPA1A160pp,3.1.1.32
837,PLIPA1A180pp,3.1.1.32
838,PLIPA1E160pp,3.1.1.32
839,PLIPA1E180pp,3.1.1.32
840,PLIPA2A120pp,3.1.1.4
841,PLIPA2A140pp,3.1.1.4
842,PLIPA2A141pp,3.1.1.4
843,PLIPA2A160pp,3.1.1.4
844,PLIPA2A180pp,3.1.1.4
845,PMANM,5.4.2.8
846,PMDPHT,3.1.3.-
847,PMEACPE,3.1.1.85
848,PMPK,2.7.4.7
849,PNTK,2.7.1.33
850,PPA,3.6.1.1
851,PPA2,3.6.1.25
852,PPAKr,2.7.2.15
853,PPBNGS,4.2.1.24
854,PPC,4.1.1.31
855,PPCDC,4.1.1.36
856,PPCK,4.1.1.49
857,PPCSCT,2.8.3.1
858,PPGPPDP,3.1.7.2
859,PPM,5.4.2
860,PPM2,5.4.2.7
861,PPNCL2,6.3.2.5
862,PPNDH,4.2.1.91
863,PPPGO,1.3.3.4
864,PPPGO3,1.3.3.4
865,PPPNDO,1.14.12.19
866,PPS,2.7.9.2
867,PRAGSr,6.3.4.13
868,PRAIS,6.3.3.1
869,PRAIi,5.3.1.24
870,PRAMPC,3.5.4.19
871,PRASCSi,6.3.2.6
872,PRATPP,3.6.1.31
873,PRFGS,6.3.5.3
874,PRMICI,5.3.1.16
875,PROD2,1.5.99.8
876,PROTRS,6.1.1.15
877,PRPPS,2.7.6.1
878,PSCVT,2.5.1.19
879,PSD120,4.1.1.65
880,PSD160,4.1.1.65
881,PSD161,4.1.1.65
882,PSD180,4.1.1.65
883,PSD181,4.1.1.65
884,PSERT,2.6.1.52
885,PSP_L,3.1.3.3
886,PSP_Lpp,3.1.3.3
887,PSSA120,2.7.8.8
888,PSSA160,2.7.8.8
889,PSSA161,2.7.8.8
890,PSSA180,2.7.8.8
891,PSSA181,2.7.8.8
892,PTA2,2.3.1.8
893,PTAr,2.3.1.8
894,PTHRpp,3.1.3
895,PTPATi,2.7.7.3
896,PTRCTA,2.6.1.82
897,PTRCabcpp,3.6.3.31
898,PUNP1,2.4.2.1
899,PUNP2,2.4.2.1
900,PUNP3,2.4.2.15
901,PUNP4,2.4.2.4
902,PUNP5,2.4.2.15
903,PUNP6,2.4.2.4
904,PUNP7,2.4.2.1
905,PYAM5PO,1.4.3.5
906,PYDAMK,2.7.1.35
907,PYDXK,2.7.1.35
908,PYDXNK,2.7.1.35
909,PYDXPP,3.1.3.74
910,PYK,2.7.1.40
911,PYNP2r,2.4.2.3
912,QUINDH,1.1.1.282
913,QULNS,2.5.1.72
914,R15BPK,2.7.4.23
915,RBFK,2.7.1.26
916,RBFSa,2.5.1.78
917,RBFSb,2.5.1.9
918,RBK,2.7.1.15
919,RBK_L1,2.7.1.16
920,RBP4E,5.1.3.4
921,RHCCE,4.4.1.21
922,RMI,5.3.1.14
923,RMK,2.7.1.5
924,RMPA,4.1.2.19
925,RNDR1,1.17.4.1
926,RNDR2,1.17.4.1
927,RNDR3,1.17.4.1
928,RNDR4,1.17.4.1
929,RPE,5.1.3.1
930,RPI,5.3.1.6
931,RZ5PP,3.1.3.73
932,S7PI,5.3.1.28
933,SADH,3.5.3.23
934,SADT2,2.7.7.4
935,SARCOX,1.5.3.1
936,SBTPD,1.1.1.140
937,SDPDS,3.5.1.18
938,SDPTA,2.6.1.17
939,SELCYSS,2.9.1.1
940,SELNPS,2.7.9.3
941,SEPHCHCS,2.2.1.9
942,SERAT,2.3.1.30
943,SERD_D,4.3.1.18
944,SERD_L,4.3.1.19
945,SERTRS,6.1.1.11
946,SERTRS2,6.1.1.11
947,SGDS,3.5.1.96
948,SGSAD,1.2.1.71
949,SHCHCS3,4.2.99.20
950,SHCHD2,1.3.1.76
951,SHCHF,4.99.1.4
952,SHK3Dr,1.1.1.282
953,SHKK,2.7.1.71
954,SHSL1,2.5.1.48
955,SOTA,2.6.1.81
956,SPMDAT1,2.3.1.57
957,SPMDAT2,2.6.1.29
958,SPMDabcpp,3.6.3.31
959,SPMS,2.5.1.16
960,SPODM,1.15.1.1
961,SPODMpp,1.15.1.1
962,SSALx,1.2.1.24
963,SSALy,1.2.1.79
964,SUCBZL,6.2.1.26
965,SUCBZS,4.2.1.113
966,SUCOAS,6.2.1.5
967,SULRi,1.8.1.2
968,SULabcpp,3.6.3.25
969,TAGURr,1.1.1.58
970,TALA,2.2.1.2
971,TARTD,4.2.1.32
972,TAUDO,1.14.11.17
973,TAURabcpp,3.6.3.36
974,TDP,3.6.1.15
975,TDPAGTA,2.6.1.59
976,TDPDRE,5.1.3.13
977,TDPDRR,1.1.1.133
978,TDPGDH,4.2.1.46
979,TDSK,2.7.1.130
980,TGBPA,4.1.2.40
981,THD2pp,1.6.1.1
982,THDPS,2.3.1.117
983,THFAT,2.1.2.10
984,THIORDXi,1.11.1.16
985,TYRTRS,6.1.1.1
986,THRA2i,4.1.2.5
987,THRAi,4.1.2.5
988,THRD,1.1.1.103
989,THRD_L,4.3.1.19
990,THRS,4.2.3.1
991,THRTRS,6.1.1.3
992,TKT1,2.2.1.1
993,TKT2,2.2.1.1
994,TMDK1,2.7.1.21
995,TMDPP,2.4.2.4
996,TMDS,2.1.1.45
997,TMK,2.7.1.89
998,TMPK,2.7.4.16
999,TMPPP,2.5.1.3
1000,TPI,5.3.1.1
1001,TPRDCOAS,2.4.2.52
1002,TRDR,1.8.1.9
1003,TRE6PH,3.2.1.93
1004,TRE6PP,3.1.3.12
1005,TRE6PS,2.4.1.15
1006,TREH,3.2.1.28
1007,TREHpp,3.2.1.28
1008,TREptspp,2.7.1.69
1009,TRPAS2,4.1.99.1
1010,TRPS1,4.2.1.20
1011,TRPS2,4.2.1.20
1012,TRPS3,4.2.1.20
1013,TRPTRS,6.1.1.2
1014,TRSARr,1.1.1.60
1015,TSULabcpp,3.6.3.25
1016,TUNGSabcpp,3.6.3.55
1017,TYRL,4.1.99.19
1018,TYROXDApp,1.4.99.4
1019,ThDPAT,2.7.7
1020,U23GAAT,2.3.1.191
1021,UAAGDS,6.3.2.13
1022,UACMAMO,1.1.1.336
1023,UAG2E,5.1.3.14
1024,UAGAAT,2.3.1.129
1025,UAGCVT,2.5.1.7
1026,UAGDP,2.7.7.23
1027,UAGPT3,2.4.1.227
1028,UAMAGS,6.3.2.9
1029,UAMAS,6.3.2.8
1030,UAPGR,1.3.1.98
1031,UDCPDPS,2.5.1
1032,UDPG4E,5.1.3.2
1033,UDPGALM,5.4.99.9
1034,UDPGALPpp,3.6.1.45
1035,UDPGD,1.1.1.22
1036,UDPGPpp,3.6.1.9
1037,UGLT,2.7.7.12
1038,UGLYCH,3.5.3.19
1039,UGMDDS,6.3.2.10
1040,UHGADA,3.5.1.108
1041,ULA4NFT,2.1.2.13
1042,UMPK,2.7.4.4
1043,UPP3MT,2.1.1.107
1044,UPP3S,4.2.1.75
1045,UPPDC1,4.1.1.37
1046,UPPRT,2.4.2.9
1047,URACPAH,3.5.1.110
1048,URDGLYCD,1.1.1.350
1049,URIC,1.7.3.3
1050,URIH,3.2.2.3
1051,URIK2,2.7.1.48
1052,VALTA,2.6.1.6
1053,VALTRS,6.1.1.9
1054,VPAMTr,2.6.1.66
1055,X5PL3E,5.1.3.22
1056,XAND,1.17.1.4
1057,XPPT,2.4.2.8
1058,XTSNH,3.2.2.1
1059,XYLI1,5.3.1.5
1060,XYLI2,5.3.1.5
1061,XYLK,2.7.1.17
1062,XYLK2,2.7.1.53
1063,ZN2abcpp,3.6.3.5
1064,ZNabcpp,3.6.3.5
1065,2DGLCNRy,1.1.1.215
1066,AOXSr,2.3.1.47
1067,BTS4,2.8.1.6
1068,HACD1i,1.1.1.35
1069,HACD2i,1.1.1.35
1070,HACD3i,1.1.1.35
1071,HACD4i,1.1.1.35
1072,HACD5i,1.1.1.35
1073,HACD6i,1.1.1.35
1074,HACD7i,1.1.1.35
1075,KAT1,2.3.1.9
1076,KAT2,2.3.1.9
1077,KAT3,2.3.1.9
1078,KAT4,2.3.1.9
1079,KAT5,2.3.1.9
1080,KAT6,2.3.1.9
1081,KAT7,2.3.1.9
1082,MME,5.1.99.1
1083,MMM2,5.4.99.2
1084,MTRI,5.3.1.23
1085,MTRK,2.7.1.100
1086,NPHS,4.1.3.36
1087,OXGDC2,4.1.1.71
1088,URIDK2r,2.7.4.9
1089,2DOXG6PP,3.1.3.68
1090,2HBO,1.1.1.27
1091,3DH5HPBMTm,2.1.1.114
1092,3DSPHR,1.1.1.102
1093,3HAO,1.13.11.6
1094,3HPH5MBDCm,4.1.1
1095,3MOBDC,4.1.1.72
1096,3MOPDC,4.1.1.72
1097,4HBZFm,3.1.2.23
1098,4HGLSDm,1.2.1.88
1099,4MOPDC,4.1.1.1
1100,AABTN,3.5.1.63
1101,AASAD1,1.2.1.z
1102,AASAD2,1.2.1.31
1103,AATA,2.6.1.39
1104,ABUTDm,1.2.1.3
1105,ACACT1m,2.3.1.9
1106,ACACT4p,2.3.1.9
1107,ACACT5p,2.3.1.9
1108,ACACT6p,2.3.1.9
1109,ACACT7p,2.3.1.9
1110,ACCOACrm,6.4.1.2
1111,ACGAM6PS,2.3.1.4
1112,ACGAMPM,5.4.2.3
1113,ACGKm,2.7.2.8
1114,ACGSm,2.3.1.1
1115,ACHBSm,2.2.1.6
1116,ACLSm,2.2.1.6
1117,ACOAHim,3.1.2.1
1118,ACOATAm,2.3.1.86
1119,ACONT,4.2.1.3
1120,ACONTm,4.2.1.3
1121,ACOTAim,2.6.1.11
1122,ACP1e,3.1.3.2
1123,ACPSm,3.6.1.-
1124,ACSm,6.2.1.1
1125,ACSp,6.2.1.1
1126,ADK1m,2.7.4.3
1127,ADK3m,2.7.4.4
1128,AGPRim,1.2.1.38
1129,AGTi,2.6.1.44
1130,AHCi,3.3.1.1
1131,AHSERL,2.5.1.49
1132,AHSERL2,2.5.1.49
1133,AIRCr,4.1.1.21
1134,AKGDam,1.2.4.2
1135,AKGDbm,2.3.1.61
1136,AKP1,3.1.3.1
1137,ALASm,2.3.1.37
1138,ALATA_Lm,2.6.1.2
1139,ALCD19y,1.1.1.72
1140,ALCD22xi,1.1.1.1
1141,ALCD22xim,1.1.1.1
1142,ALCD23xi,1.1.1.1
1143,ALCD23xim,1.1.1.1
1144,ALCD23yi,1.1.1
1145,ALCD24xi,1.1.1.265
1146,ALCD24xim,1.1.1.265
1147,ALCD24yi,1.1.1.265
1148,ALCD25xi,1.1.1.90
1149,ALCD25xim,1.1.1.90
1150,ALCD25yi,1.1.1
1151,ALCD26xi,1.1.1.190
1152,ALCD26xim,1.1.1.190
1153,ALCD2ir,1.1.1.71
1154,ALCD2irm,1.1.1.71
1155,ALDD20xm,1.2.1.3
1156,ALDD20y,1.2.1.5
1157,ALDD20ym,1.2.1.5
1158,ALDD22x,1.2.1.5
1159,ALDD2xm,1.2.1.5
1160,ALDD2ym,1.2.1.5
1161,ALLTAHr,3.5.3.4
1162,ALPHNH,3.5.1.54
1163,AMID,3.5.1.4
1164,AMID2,3.5.1.4
1165,AMID3,3.5.1.4
1166,AMPDA,3.5.4.6
1167,APRTO2,1.4.3.4
1168,ARABR,1.1.1.21
1169,ARGN,3.5.3.1
1170,ARGTRSm,6.1.1.19
1171,ARMT,2.1.1.-
1172,ASADi,1.2.1.11
1173,ASNNe,3.5.1.38
1174,ASNTRSm,6.1.1.22
1175,ASPOcm,1.4.3.16
1176,ASPTAm,2.6.1.1
1177,ASPTAp,2.6.1.1
1178,ASPTRSm,6.1.1.23
1179,ATPATF1,2.7.7.53
1180,ATPATF3,2.7.7.53
1181,ATPH1,3.6.1.5
1182,ATPS,3.6.4.9
1183,ATPS3g,3.6.3.14
1184,ATPS3m,3.6.3.14
1185,ATPS3v,3.6.3.14
1186,BACCL,6.3.4.9
1187,BTDD_RR,1.1.1.4
1188,BTSr,2.8.1.6
1189,C3STDH2,5.3.3.1
1190,C3STKR1,1.1.1.270
1191,CATp,1.11.1.6
1192,CHLPCTD,2.7.7.15
1193,CHOLK,2.7.1.32
1194,COAHLp,3.6.1.-
1195,COUCOAFm,6.2.1.12
1196,CSNATm,2.3.1.7
1197,CSNATp,2.3.1.7
1198,CSNATr,2.3.1.7
1199,CSm,2.3.3.3
1200,CSp,2.3.3.3
1201,CTPS1,6.3.4.2
1202,CYSTS,4.2.1.22
1203,DCMPDA,3.5.4.12
1204,DDPAm,2.5.1.54
1205,DESAT14,1.14.19.1
1206,DESAT16,1.14.19.1
1207,DESAT18,1.14.19.1
1208,DHAD1m,4.2.1.9
1209,DHAD2m,4.2.1.9
1210,DHAK,2.7.1.29
1211,DHFRim,1.5.1.3
1212,DHNPTtm,5.1.99.c
1213,DHORD4i,1.3.3.1
1214,DHORDi,1.3.99.11
1215,DIAT,2.3.1.57
1216,DIPS,2.1.1.98
1217,DOLK,2.7.1.108
1218,DPCOAKm,2.7.1.24
1219,DPMVD,4.1.1.33
1220,DPRm,1.1.1.169
1221,DRBK,2.7.1.15
1222,ECOAH11p,4.2.1.17
1223,ECOAH4p,4.2.1.74
1224,ECOAH5p,4.2.1.74
1225,ECOAH6p,4.2.1.74
1226,ECOAH7p,4.2.1.74
1227,ECOAH8p,4.2.1.134
1228,EHGLAT,2.6.1.23
1229,EHGLATm,2.6.1.23
1230,EHGLATp,2.6.1.23
1231,EPMGH,3.2.1.22
1232,ETHAK,2.7.1.82
1233,EX_oaa_e,5.3.2.2
1234,FA180ACPH,3.1.2.14
1235,FA181ACPH,3.1.2.14
1236,FACOAL100p,6.2.1.3
1237,FACOAL120p,6.2.1.3
1238,FACOAL141,6.2.1.3
1239,FACOAL141p,6.2.1.3
1240,FACOAL160,6.2.1.3
1241,FACOAL160p,6.2.1.3
1242,NFORGLUAH,3.5.1.68
1243,FACOAL180,6.2.1.3
1244,FACOAL80p,6.2.1.3
1245,FAS100,2.3.1.85
1246,FAS100COA,2.3.1.86
1247,FAS120,2.3.1.85
1248,FAS120COA,2.3.1.86
1249,FAS140,2.3.1.85
1250,FAS140COA,2.3.1.86
1251,FAS160,2.3.1.85
1252,FAS160COA,2.3.1.86
1253,FAS180,2.3.1.85
1254,FAS180COA,2.3.1.86
1255,FAS80COA_L,2.3.1.86
1256,FAS80_L,2.3.1.85
1257,FBA2,4.1.2.13
1258,FCLTm,4.99.1.1
1259,FDH,1.2.1.2
1260,FDNG,1.2.2.1
1261,FKYNH,3.5.1.9
1262,FMETTRSm,2.1.2.9
1263,FMNATm,2.7.7.2
1264,FRDcm,1.3.5.1
1265,FRDm,1.3.5.1
1266,FRTT,2.5.1.29
1267,FTHFCL,6.3.3.2
1268,FTHFCLm,6.3.3.2
1269,FTHFLmi,6.3.4.3
1270,FUMAC,3.7.1.2
1271,FUMm,4.2.1.2
1272,G12MT1g,2.4.1.131
1273,G12MT2g,2.4.1.131
1274,G13MTg,2.4.1.132
1275,G3PD1ir,1.1.1.94
1276,G3PD1irm,1.1.1.94
1277,G3PDm,1.1.99.5
1278,G5SD2,1.2.1.41
1279,G6PDH2er,1.1.1.49
1280,G6PI,5.3.1.9
1281,G6PI3,5.3.1.9
1282,GALIGH,3.2.1.22
1283,GALT,2.7.7.64
1284,GCC2am,1.4.4.2
1285,GCC2bim,2.1.2.10
1286,GCC2cm,1.8.1.4
1287,GCCam,1.4.4.2
1288,GCCbim,2.1.2.10
1289,GCCcm,1.8.1.4
1290,GGLGH,3.2.1.22
1291,GGTT,2.5.1.81
1292,GHMT2rm,2.1.2.1
1293,GK2,2.7.4.8
1294,GLPT,2.3.1.97
1295,GLUDxi,1.4.1.4
1296,GLUDyi,1.4.1.4
1297,GLUSx,1.4.1.14
1298,GLUTRSm,6.1.1.24
1299,GLYATi,2.3.1.37
1300,GLYCDy,1.1.1.156
1301,GLYCLm,2.1.2.10
1302,GNNUC,3.2.2.8
1303,GTHOm,1.8.1.7
1304,GTHPm,1.11.1.9
1305,GTPH1,3.6.1.5
1306,HACD10p,1.1.1.35
1307,HACD4p,1.1.1.35
1308,HACD5p,1.1.1.35
1309,HACD6p,1.1.1.35
1310,HACD7p,1.1.1.35
1311,HBZOPT6m,2.5.1.39
1312,HCO3Em,4.2.1.1
1313,HCO3En,4.2.1.1
1314,HEMEOSm,2.5.1.-
1315,HGNTOR,1.13.11.5
1316,HICITDm,1.1.1.87
1317,HISTRSm,6.1.1.21
1318,HKYNH,3.7.1.3
1319,HMGCOAR,1.1.1.34
1320,HMGCOAS,2.3.3.10
1321,HMGCOASm,2.3.3.10
1322,HPROa,1.5.1.2
1323,HPROb,1.5.1.2
1324,HPROxm,1.5.1.2
1325,HPROym,1.5.1.2
1326,HSDxi,1.1.1.3
1327,HSDyi,1.1.1.3
1328,HSERTA,2.3.1.31
1329,ICDHxm,1.1.1.41
1330,ICDHym,1.1.1.42
1331,ICDHyp,1.1.1.42
1332,ILETAm,2.6.1.42
1333,ILETRSm,6.1.1.5
1334,INDPYRD,4.1.1.74
1335,IPPSm,2.3.3.13
1336,ITCOALm,6.2.1.5
1337,KARA1im,1.1.1.86
1338,KARA2im,1.1.1.86
1339,KYN,3.7.1.3
1340,KYN3OX,1.14.13.9
1341,LEUTA,2.6.1.67
1342,LEUTAm,2.6.1.67
1343,LEUTRSm,6.1.1.4
1344,LYSTRSm,6.1.1.6
1345,MACACI,5.2.1.2
1346,MALSp,2.3.3.9
1347,MAN1PT,2.7.7.13
1348,MCITL2m,4.1.3.30
1349,MCITSm,2.3.3.5
1350,MCOATAm,2.3.1.86
1351,MDHm,1.1.1.37
1352,MDHp,1.1.1.37
1353,ME1m,1.1.1.39
1354,ME2m,1.1.1.40
1355,MELTGH,3.2.1.22
1356,METB1,2.5.1.48
1357,METTRSm,6.1.1.10
1358,MEVK1,2.7.1.36
1359,MEVK2,2.7.1.36
1360,MEVK3,2.7.1.36
1361,MEVK4,2.7.1.36
1362,MHPGLUT,2.1.1.14
1363,MI1PS,5.5.1.4
1364,MTAP,2.4.2.28
1365,MTHFCm,3.5.4.9
1366,MTHFD2i,1.5.1.15
1367,MTHFDm,1.5.1.5
1368,MTHFR3,1.5.1.20
1369,NABTNO,1.2.1.3
1370,NADDPp,3.6.1.9
1371,NADH2_u6cm,1.6.99.3
1372,NADH2_u6m,1.6.99.3
1373,NADKm,2.7.1.23
1374,NADNm,3.5.1.-
1375,NADPPPSm,3.1.3.-
1376,NADS1n,6.3.1.5
1377,NAPRT,2.4.2.11
1378,NAPRTm,2.4.2.11
1379,NDP1,3.6.1.5
1380,NDP3,3.6.1.6
1381,NDP3g,3.6.1.6
1382,NDP7,3.6.1.6
1383,NDPK9,2.7.4.6
1384,NMNATm,2.7.7.18
1385,NNAMrm,3.5.1.19
1386,OARGDC,4.1.1.75
1387,NNATm,2.7.7.18
1388,NNDPRm,2.4.2.19
1389,NNMT,2.1.1.1
1390,NTRLASE,3.5.5.1
1391,NTRLASE2,3.5.5.1
1392,NTRLASE3,3.5.5.1
1393,OAAt,5.3.2.2
1394,OHACT5,2.3.1.224
1395,OMCDCm,1.1.1.85
1396,ORNTA,2.6.1.13
1397,ORNTACim,2.3.1.35
1398,OXAGm,1.1.1.87
1399,P5CDm,1.5.1.12
1400,PC,6.4.1.1
1401,PDHm,2.3.1.12
1402,PEPAT,2.3.1.88
1403,PETHCT,2.7.7.14
1404,PHCDm,1.5.1.12
1405,PHETRSm,6.1.1.20
1406,PMEVK,2.7.4.2
1407,PMI12346PH,3.6.1.52
1408,PMI12346PS,2.7.4.21
1409,PNP,2.4.2.1
1410,POLYAO2,1.5.3.16
1411,POLYAO3,1.5.3.17
1412,PPAm,3.6.1.1
1413,PPPGOm,1.3.3.4
1414,PPTTm,2.5.1.-
1415,PPYRDC,4.1.1.43
1416,PRO1xm,1.5.99.8
1417,PSPHPL,4.1.2.27
1418,PSPHS,1.14.13.169
1419,PTE10x,3.1.2.2
1420,PTE11x,3.1.2.2
1421,PTE2x,3.1.2.22
1422,PTE7x,3.1.2.2
1423,PTE8x,3.1.2.2
1424,PTPATim,2.7.7.3
1425,PUNP1m,2.4.2.1
1426,PUNP3m,2.4.2.15
1427,PYDXNO,1.4.3.5
1428,PYDXO,1.4.3.5
1429,PYR5CDm,1.5.1.12
1430,PYRDC,4.1.1.1
1431,RAFGH,3.2.1.22
1432,RBFKm,2.7.1.26
1433,RNDR1n,1.17.4.1
1434,RNDR2n,1.17.4.1
1435,RNDR3n,1.17.4.1
1436,RNDR4n,1.17.4.1
1437,RNMK,2.7.1.22
1438,RNTR1,1.17.4.2
1439,RNTR2,1.17.4.2
1440,RNTR3,1.17.4.2
1441,RNTR4,1.17.4.2
1442,SACCD1,1.5.1.9
1443,SACCD2,1.5.1.7
1444,SADT,2.7.7.4
1445,SAM24MT,2.1.1.41
1446,SBPP1er,3.1.3.4
1447,SBPP2er,3.1.3
1448,SBTD_D2,1.1.1.15
1449,SBTD_L,1.1.1.14
1450,SERPT,2.3.1.50
1451,SHSL4r,4.2.99.9
1452,SLCBK1,2.7.1.91
1453,SLCBK2,2.7.1.91
1454,SLFAT,2.7.7.5
1455,SPHPL,4.1.2.27
1456,SPRMS,2.5.1.22
1457,SQLS,2.5.1.21
1458,SUCD1m,1.3.5.1
1459,SUCD2_u6m,1.3.5.1
1460,SUCD3_u6m,1.3.5.1
1461,SUCOASm,6.2.1.5
1462,SUCRe,3.2.1.48
1463,SULR,1.8.1.2
1464,T4HCINNMFM,4.2.1.-
1465,THFATm,2.1.2.10
1466,THFGLUS,6.3.2.17
1467,THIORDXm,1.11.1.16
1468,THIORDXni,1.11.1.16
1469,THIORDXp,1.11.1.16
1470,THMDPe,3.1.3.2
1471,THMP,3.1.3.2
1472,THMPe,3.1.3.2
1473,THRD_Lm,4.3.1.19
1474,THRTRSm,6.1.1.3
1475,TMDPK,2.7.6.2
1476,TMDPPK,2.7.6.2
1477,TMN,3.5.99.2
1478,TRDRm,1.8.1.9
1479,TREHv,3.2.1.28
1480,TRPO2,1.13.11.52
1481,TRPTA,2.6.1.27
1482,TRPTRSm,6.1.1.2
1483,TYRTRSm,6.1.1.1
1484,UDPACGLP,2.7.7.23
1485,UMPKn,2.7.4.4
1486,UREASE,6.3.4.6
1487,URIDK2rn,2.7.4.9
1488,URIK1,2.7.1.48
1489,UTPH1,3.6.1.5
1490,VALTAim,2.6.1.6
1491,VALTRSm,6.1.1.9
1492,XYLR,1.1.1.307
1493,XYLTD_D,1.1.1.9
1494,4M2OPLOXRD,1.2.4.4
1495,6PHBG,3.2.1.86
1496,ACLDC,4.1.1.5
1497,ACOAD1,1.3.99.2
1498,ACOAD2,1.3.1.44
1499,ACOAD3,1.3.99.3
1500,ACOAD4,1.3.99.3
1501,ACOAD6,1.3.99.3
1502,ACPpds,3.1.4.14
1503,ACYP_2,3.6.1.7
1504,ADCYRS,6.3.5.10
1505,AKGDa,1.2.4.2
1506,AKGDb,2.3.1.61
1507,ALAD_L,1.4.1.1
1508,ALATA_D,2.6.1.21
1509,ALCD1,1.1.1.244
1510,ALKP,3.1.3.2
1511,AMAA,3.5.1.28
1512,ARGDr,3.5.3.6
1513,ASPabc,3.6.3.21
1514,ATPS4r,3.6.3.14
1515,BTS3r,2.8.1.6
1516,CHCOAL,6.2.1.14
1517,CYSabc,3.6.3.21
1518,Cut1,3.6.3.4
1519,FGLU,3.5.3.8
1520,FLDO,1.5.1.39
1521,G3PCT,2.7.7.39
1522,GCCa,1.4.4.2
1523,GCCb,2.1.2.10
1524,GCCc,1.8.1.4
1525,GLUabc,3.6.3.21
1526,GLYC3Pabc,3.6.3.20
1527,HEMEti,3.6.3.41
1528,HEXTT,2.5.1.-
1529,HISDr,4.3.1.3
1530,HISabc,3.6.3.21
1531,HMGCOARi,1.1.1.34
1532,HMGCOASi,2.3.3.10
1533,IZPN,3.5.2.7
1534,KARA1i,1.1.1.86
1535,KAS1,2.3.1.41
1536,KAS10,2.3.1.41
1537,KAS11,2.3.1.41
1538,KAS12,2.3.1.41
1539,KAS13,2.3.1.41
1540,KAS2,2.3.1.41
1541,KAS3,2.3.1.41
1542,KAS4,2.3.1.41
1543,KAS5,2.3.1.41
1544,KAS6,2.3.1.41
1545,KAS8,2.3.1.85
1546,KAS9,2.3.1.41
1547,Kabc,3.6.3.12
1548,LDH_L,1.1.1.27
1549,LYSabc,3.6.3.21
1550,MALTabc,3.6.3.19
1551,MG2abc,3.6.3.2
1552,MNabc,3.6.3.35
1553,MOBDabc,3.6.3.29
1554,NADH6,1.6.5.3
1555,NADH7,1.6.5.3
1556,NADH8,1.6.5.3
1557,NBAH,3.5.1.32
1558,NIabc,3.6.3.24
1559,NOPD,1.5.1.19
1560,NTRIRy,1.7.1.4
1561,OIVD1r,1.2.1.25
1562,OIVD2,1.2.1.25
1563,OIVD3,1.2.1.25
1564,ORNCD,4.3.1.12
1565,ORNTAC,2.3.1.35
1566,ORNabc,3.6.3.21
1567,PDHcr,1.8.1.4
1568,PIabc,3.6.3.27
1569,PTHPS,4.2.3.12
1570,PYNP1,2.4.2.2
1571,RAFH,3.2.1.26
1572,SPMDabc,3.6.3.31
1573,SUCD1,1.3.5.1
1574,SUCR,3.2.1.48
1575,SULabc,3.6.3.25
1576,TREpts,2.7.1.69
1577,UAG2EMA,5.1.3.7
1578,UAG4Ei,5.1.3.7
1579,UPPDC2,4.1.1.37
1580,URCN,4.2.1.49
1581,UREA,3.5.1.5
1582,URFGTT,2.1.1.201
1583,URIK3,2.7.1.48
1584,ZNabc,3.6.3.5
1585,SLCYSS,2.5.1.47
1586,CYSIabcpp,3.6.3.21
1587,UROCANH,4.2.1.49
1588,OAAtex,5.3.2.2
1589,4HTHRK,2.7.1
1590,NMNR,3.1.3.5
1591,PPRDNDH,1.5.1
1592,OXPTNDH,1.2.1.20
1593,GLCOAS,6.2.1.6
1594,SALSYN,4.2.99.21
1595,ARABDI,5.3.1.3
1596,DKFPS2,2.2.1.11
1597,ACNPLYS,2.5.1.56
1598,ACNMCT,2.7.7.43
1599,MMSAD2,1.2.1.87
1600,NICRNS,2.7.1.173
1601,NMNHYD,3.1.3.5
1602,3HBCOAHL,3.1.2.4
1603,DMALRED,1.1.5.4
1604,PPOR,1.13.11.27
1605,ACOAH,3.1.2.1
1606,ASPCTn,2.1.3.2
1607,ALCD2m,1.1.1.71
1608,AM6SAD,1.2.1.32
1609,CBPSn,6.3.5.5
1610,CSNATirm,2.3.1.7
1611,DHFS_1,6.3.2.17
1612,DHORTSn,3.5.2.3
1613,G6PI2,5.3.1.9
1614,GTPCI_1,3.5.4.16
1615,HACDp,1.1.1.35
1616,KATp,2.3.1.16
1617,MCITLm,4.1.3.30
1618,METS_1,2.1.1.13
1619,MTHFC_1,3.5.4.9
1620,MTHFCm_1,3.5.4.9
1621,MTHFD_1,1.5.1.5
1622,MTHFD2,1.5.1.15
1623,MTHFDm_1,1.5.1.5
1624,MTHFR3_1,1.5.1.20
1625,NADS1m,6.3.1.5
1626,PCLAD,4.1.1.45
1627,QULNS_1,2.5.1.72
1628,SBPP1,3.1.3.4
1629,SBPP2,3.1.3
1630,THRA,4.1.2.5
1631,G3PD2_1,1.1.1.94
1632,NADS2,6.3.5.1
1633,2OH3K5MPPISO,3.1.3.87
1634,OCAALD,4.1.3.17
1635,G1PCTYT,2.7.7.33
1636,SDPTAi,2.6.1.17
1637,STACHGALACT,3.2.1.22
1638,PAPSSH,3.6.2.2
1639,CMCMSAD,1.2.1.60
1640,DHEDAA,4.1.2.52
1641,DHPDO,1.13.11.15
1642,HPA3MO,1.14.14.9
1643,4HOXPACMOF,1.14.14.9
1644,CMHMI,5.3.3.10
1645,4H2KPILY,4.1.2.52
1646,MNabc_1,3.6.3.35
1647,OHEDH,4.2.1.-
1648,RAFHpp,3.2.1.26
1649,3HPAOX,1.14.14.9
1650,1PPDCRc,1.5.1.21
1651,2DHGLCK,2.7.1.13
1652,3MBZALDH,1.1.1.90
1653,3MCAT23DOX,1.13.11.2
1654,3OADPCOAT,2.8.3.6
1655,4CMCOAS,6.2.1.12
1656,4CMLCL_kt,4.1.1.44
1657,4HBHYOX,1.14.13.33
1658,4MBZALDH,1.1.1.90
1659,4MCAT23DOX,1.13.11.2
1660,4OD2,4.1.1.77
1661,4OT2,5.3.2.6
1662,6HNACMO,1.14.13.114
1663,AASAD3,1.2.1.31
1664,ACOADH1,1.3.99.3
1665,ACOADH2,1.3.99.2
1666,ACS2,6.2.1.17
1667,ADCPS1,6.3.1.10
1668,ADCPS2,6.3.1.10
1669,ADPT2,2.4.2.7
1670,ALCDkt,1.1.99.8
1671,APENTAMAH,3.5.1.30
1672,APSR,1.8.4.10
1673,APTNAT,2.6.1.48
1674,ARUH,2.6.1.84
1675,ASPO1,1.4.3.2
1676,BDH,1.1.1.30
1677,BHMT,2.1.1.5
1678,BZ12DOX,1.14.12.10
1679,BZALDH,1.1.1.90
1680,BZDH,1.2.1.29
1681,BZDIOLDH,1.3.1.25
1682,CAFFCOA,6.2.1.12
1683,CAT23DOX,1.13.11.2
1684,CATDOX,1.13.11.1
1685,CHOLSH,3.1.6.6
1686,COALDDH,1.2.1.68
1687,COCHL,6.6.1.2
1688,CYRDAAT,2.5.1.17
1689,CYSS2,2.5.1.47
1690,DABAAT,2.6.1.76
1691,DCTPD2,3.5.4.13
1692,DH3MCHCDH,1.3.1.-
1693,DH4MCHCDH,1.3.1.67
1694,DHPM1,3.5.2.2
1695,DHPR,1.5.1.34
1696,DHSKDH,4.2.1.118
1697,DNAMTn2r,2.1.1.37
1698,DURAD,1.3.1.2
1699,ECOAH12,4.2.1.17
1700,ECOAH9ir,4.2.1.17
1701,FCOAHA,4.1.2.41
1702,FERULCOAS,6.2.1.34
1703,FORGLUIH,3.5.3.13
1704,G3PD,1.1.99.5
1705,G6PBDH,1.1.1.49
1706,GADktpp,1.1.99.3
1707,GDBTALDH,1.2.1.54
1708,GLCOASYNT,2.3.1.61
1709,GLNTRAT,6.3.5.7
1710,GLUTCOADHc,1.3.99.7
1711,GLYALDDr,1.2.1.3
1712,GLYCL_2,2.1.2.10
1713,GLYCTO1,1.1.3.15
1714,GUDBUTNAH,3.5.3.7
1715,HACD9,1.1.1.35
1716,HIBDkt,1.1.1.35
1717,HMGL,4.1.3.4
1718,HMSD,1.2.1.85
1719,HMSD2,1.2.1.85
1720,HMSH,3.7.1.9
1721,HMSH2,3.7.1.9
1722,HMSH3,3.7.1.-
1723,HOPNTAL2,4.1.3.43
1724,HOPNTAL3,4.1.3.39
1725,HSDx,1.1.1.3
1726,LPCOXc,1.5.3.7
1727,LYSMO,1.13.12.2
1728,LYSRC,5.1.1.9
1729,MACCOAT,2.3.1.9
1730,MALEI,5.2.1.1
1731,MALMDA,3.5.1.107
1732,MBCOAi,1.3.99.10
1733,MCCC,6.4.1.4
1734,METGL,4.4.1.11
1735,MGCH,4.2.1.18
1736,MMTSAO,1.2.1.27
1737,MSULR,1.8.2.2
1738,MTHPTGHMr,2.1.1.14
1739,MTOLDOX,1.14.12.-
1740,MUCCYCI,5.5.1.1
1741,MUCCY_kt,5.5.1.2
1742,MUCLI,5.3.3.4
1743,MXMO,1.14.13.-
1744,NFMLDF,3.5.1.106
1745,PC11M,2.1.1.133
1746,PC17M,2.1.1.131
1747,PC20M,2.1.1.130
1748,PC6AR,1.3.1.54
1749,PC6YM,2.1.1.132
1750,PC8XM,5.4.99.61
1751,PCADYOX,1.13.11.3
1752,PDHa,1.2.4.1
1753,PDHbr,2.3.1.12
1754,PGLCNDH,1.1.1.43
1755,PHETHPTOX,1.14.16.1
1756,PPNCL,6.3.2.5
1757,PTOLDOX,1.14.12.-
1758,PXMO,1.14.13.-
1759,PYRDOX,1.13.11.9
1760,QUIDH,1.1.5.8
1761,R05219,2.1.1.152
1762,RHACOAR100,1.1.1.36
1763,RHACOAR140,1.1.1.36
1764,RHACOAR60,1.1.1.36
1765,RHACOAR80,1.1.1.36
1766,RNADRr,1.18.1.4
1767,SELMETAT,2.5.1.6
1768,SER_AL,4.3.1.19
1769,SHSL2r,2.5.1.48
1770,UPPN,3.5.1.6
1771,VNDH,1.2.1.67
1772,VNDH_2,1.2.1.64
1773,VNTDM,1.14.13.82
1774,XMO,1.14.13
1775,4HGLSD,1.2.1.88
1776,ACP1_FMN,3.1.3.2
1777,ACPS,3.6.1.-
1778,AMID4,3.5.1.4
1779,AMID5,3.5.1.4
1780,ANS2,4.1.3.27
1781,ASPO2,1.4.1.21
1782,CDAPPA_HP,3.6.1.26
1783,DASYN_HP,2.7.7.41
1784,DDPGA,4.1.3.42
1785,DHORD3,1.3.3.1
1786,FORAMD,3.5.1.49
1787,FRD5,1.3.99.1
1788,G3PD1,1.1.1.94
1789,G6PDH1,1.1.1.363
1790,GFUCS,1.1.1.271
1791,GLNabc,3.6.3.21
1792,HPROx,1.5.1.2
1793,KDOCT,2.7.7.38
1794,LacR,5.1.2.1
1795,MDH4,1.1.99.16
1796,PGPP_HP,3.1.3.27
1797,PGSA_HP,2.7.8.5
1798,PHCD,1.5.1.12
1799,PSD_HP,4.1.1.65
1800,PSP_D,3.1.3.3
1801,PSSA_HP,2.7.8.8
1802,PUTA3,1.2.1.88
1803,TMDSf,2.1.1.45
1804,THMDP,3.1.3.2
1805,PRDX,1.11.1.7
1806,PPNCL3,6.3.2.5
1807,PPGKr,3.1.3.9
1808,PPDK,2.7.9.1
1809,PPCOAC,6.4.1.3
1810,PNCDC,4.1.1.30
1811,PLIPA1E180,3.1.1.32
1812,PLIPA1E160,3.1.1.32
1813,PHYCBOXL,4.1.1.53
1814,PEAMNO,1.4.3.6
1815,PAPPT2,2.7.8.13
1816,PAPPT1,2.7.8.13
1817,P5CRx,1.5.99.8
1818,MPML,6.6.1.1
1819,MMSAD3,1.2.1.27
1820,MMSAD1,1.2.1.27
1821,MI4PP,3.1.3.25
1822,MI3PP,3.1.3.25
1823,MCD,4.1.1.9
1824,UGLDDS2,6.3.2.10
1825,UGLDDS1,6.3.2.10
1826,UAGPT2,2.4.1.227
1827,UAGPT1,2.4.1.227
1828,UAAGLS2,6.3.2.7
1829,UAAGLS1,6.3.2.7
1830,TSULabc,3.6.3.25
1831,TRESULT,2.8.2.37
1832,LO,1.13.12.4
1833,GLNSP3,6.3.1.2
1834,GLNSP2,6.3.1.2
1835,GLNSP1,6.3.1.2
1836,GCC2,2.1.2.10
1837,FRDO2r,1.18.1.6
1838,OXGDC,4.1.1.71
1839,OXACOAL,6.2.1.8
1840,MTI,5.4.99.16
1841,DPPS,2.5.1.91
1842,DGC3D,1.1.1.125
1843,DALAOX,1.4.3.3
1844,Cuabc,3.6.3.4
1845,CPC8MM,5.4.99.60
1846,CPC6R,1.3.1.54
1847,CPC4MT,2.1.1.133
1848,CPC3MT,2.1.1.131
1849,CPC2MT,2.1.1.151
1850,CMLDC,4.1.1.44
1851,ATPS1,3.6.3.6
1852,APATr,2.6.1.18
1853,ALDD1,1.2.1.46
1854,AICART2,6.3.4.23
1855,FRD,1.3.5.1
1856,FOLR2,1.5.1.3
1857,FE3abc,3.6.3.30
1858,FCOAH2,3.1.2.10
1859,ADK2,2.7.4.3
1860,4HALDD,1.2.1.53
1861,PHACTE,3.1.2.-
1862,ALCD3ir,1.1.1.202
1863,ABTDG,1.1.1.11
1864,RBTDG,1.1.1.56
1865,GLYCDH,4.2.1.30
1866,PPDD,4.2.1.28
1867,NTP7,3.6.1.5
1868,D5KGK,2.7.1.92
1869,LYSAM,5.4.3.2
1870,PENAM,3.5.1.11
1871,4ABUTD,1.2.1.3
1872,IMACTD,1.2.1.3
1873,PGPAGT,2.4.1.52
1874,ARGabc,3.6.3.21
1875,ASPO5_1,1.5.99
1876,ASPO6_1,1.4.3.16
1877,CBL1abc,3.6.3.33
1878,CBLAT_DELETE,2.5.1.17
1879,DHBSr,2.7.7.58
1880,DHCINDO_1,1.13.11.16
1881,DHPS2_1,2.5.1.15
1882,FDH2,1.2.2.1
1883,FDH3,1.2.2.1
1884,G1PP,3.1.3.10
1885,HKNDDH_1,3.7.1.14
1886,HKNTDH_1,3.7.1.14
1887,HPPPNDO_1,1.13.11.16
1888,HYD3,1.18.99.1
1889,IDONt2r,3.6.3
1890,MALTTRabc,3.6.3
1891,MALTTTRabc,3.6.3
1892,MTHFR2_1,1.5.1.20
1893,NADDPe,3.6.1.9
1894,NMNt7,3.2.2.14
1895,PEPT_EC,2.7.8.1
1896,PGPP_EC,3.1.3.27
1897,PSD_EC,4.1.1.65
1898,PTRCabc,3.6.3.31
1899,TAURabc,3.6.3.36
1900,THD2,1.6.1.1
1901,TREHe,3.2.1.28
1902,XYLI2i,5.3.1.5
1903,NADH16,1.6.5.3
1904,13PPDH,1.1.1.202
1905,ACTD,1.1.1.303
1906,ARAT,2.6.1.57
1907,ARD_1,1.13.11.54
1908,ARD1,1.13.11.53
1909,CPC5MT,2.1.1.-
1910,CYRDAR2,1.16.8.1
1911,CYS,4.2.1.22
1912,D5KGPA,4.1.2.29
1913,INS2D,1.1.1.18
1914,MACPT,2.3.1.187
1915,ASNTRS_1,6.1.1.22
1916,AEPPYRTA,2.6.1.37
1917,PALDH,3.11.1.1
1918,4C2HM6SADH,1.2.1.60
1919,5CM2HMUDI,5.3.3.10
1920,CODSCL2MT,2.1.1.151
1921,CODSCL3MT,2.1.1.131
1922,CODSCL4MT,2.1.1.271
1923,CODSCL5DA,3.7.1.12
1924,CODSCL5BMT,2.1.1.195
1925,CODSCL6ARED,1.3.1.54
1926,CODSCL8XI,5.4.99.60
1927,LTHRK,2.7.1.177
1928,THRPDC,4.1.1.81
1929,CDPGLC46DH,4.2.1.45
1930,ALAALAD_1,3.4.13.22
1931,GULNLR,1.1.1.380
1932,HISNH4L,4.3.1.3
1933,3HOPCD,1.1.1.35
1934,3MMD,1.1.1
1935,6CTDS,4.1.2.50
1936,ACITL,4.1.3.6
1937,AGMDA,3.5.3.12
1938,ALCD3,1.1.1.202
1939,ASR2,1.20.4.4
1940,BCOALIG,6.2.1.25
1941,BCOALIG2,6.2.1.27
1942,BUTKr,2.7.2.7
1943,BZSCT,2.8.3.15
1944,BZSS,4.1.99.11
1945,CA2abc1pp,3.6.3.8
1946,CA2abcpp,3.6.3.8
1947,CHDCCH,4.2.1.100
1948,CITCIb,4.2.1.35
1949,CMPDAi,3.5.4.12
1950,CSPMDDC,4.1.1.96
1951,CSPMDDH,1.5.1.43
1952,CUabcpp,3.6.3.4
1953,CYOO2pp,1.9.3.1
1954,FDH5r2pp,1.2.2.1
1955,FUTH,3.2.2.26
1956,GHBDHy,1.1.1.co
1957,GLYTA,2.6.1.44
1958,HKtpp,3.6.3.12
1959,HOCCD,1.1.1.368
1960,HP5CD,1.5.1.12
1961,IBTMr,5.4.99.13
1962,LCD,4.2.1.54
1963,LDAPAT,2.6.1.83
1964,MCSNAH,3.5.4.1
1965,MOSDC,4.1.1.3
1966,MTHFR,1.7.99.5
1967,N2OR,1.7.99.6
1968,NAD_H2,1.12.1.5
1969,NPPDO,1.13.11.32
1970,OCHCCH,3.7.1.21
1971,OGCOAAT,2.3.1.16
1972,PACCOAL2,6.2.1.-
1973,PBUTT,2.3.1.19
1974,PHEPC,6.4.1.-
1975,PHEPS,2.7.9.-
1976,PICH,4.2.1.-
1977,PPA_1pp,3.6.1.1
1978,PRO1y,1.5.1.2
1979,SSCOARy,1.2.1.76
1980,SUCOAACTr,2.8.3.18
1981,TDPDRRr,1.1.1.133
1982,THRPD,4.1.1.81
1983,UDPGLDC,4.1.1.35
1984,VACOAI,5.3.3.3
1985,34DHOXPEGOX,1.1.1.1
1986,AACOAR_syn,1.1.1.36
1987,ALAD_syn,1.4.1.1
1988,ALDD20x,1.2.1.3
1989,BCAROKE,1.14.99
1990,BILIRED,1.3.1.24
1991,CHPHYS,2.5.1.62
1992,CYSTA,2.6.1.3
1993,DMPPS_syn,1.17.1.2
1994,POR_1,1.3.1.33
1995,DVOCHR,1.3.1.75
1996,GAPDi_nadp,1.2.1.59
1997,GCATENEC,5.5.1.19
1998,GLYCTO_syn,1.1.1.79
1999,GMPS,6.3.5.2
2000,H2ASE_syn,1.12.1.5
2001,HGPHT,2.5.1.115
2002,HOXG,1.14.99.3
2003,IPDPS_syn,1.17.1.2
2004,LYCOPC,5.5.1.19
2005,MPBQ,2.1.1.295
2006,MPOMC1,1.14.13.81
2007,MPOMMM,1.14.13.81
2008,MPOMOR,1.14.13.81
2009,MPOMT,2.1.1.11
2010,NDPK10,2.7.4.6
2011,NMNS,2.4.2.12
2012,PHYTES,2.5.1.99
2013,PRUK,2.7.1.19
2014,PYK2,2.7.1.40
2015,PYK3,2.7.1.40
2016,PYK4,2.7.1.40
2017,PYK5,2.7.1.40
2018,RBCh,4.1.1.39
2019,RBPC,4.1.1.39
2020,SBP,3.1.3.37
2021,SPT_syn,2.6.1.45
2022,SQD1,3.13.1.1
2023,TOCOPHOM1,2.1.1.95
2024,TOCOPHOM2,2.1.1.95
2025,TOCOPHS1,5.5.1.24
2026,TOCOPHS2,5.5.1.24
2027,GGDPR,1.3.1.83
2028,DMTPHT,2.1.1.163
2029,NO3abcpp,3.6.3.26
2030,CU2abcu_syn,3.6.3.4
2031,GLXO3r,1.2.3.5
2032,OXADC,4.1.1.2
2033,SPS,2.4.1.14
2034,SPP,3.1.3.24
2035,GGPS,2.4.1.213
2036,GGPP,3.1.3.69
2037,SQLC,5.4.99.17
2038,SQLC2,4.2.1.129
2039,MEHLER,1.6.3.2
2040,EX_ha_e,3.2.1.35
2041,1PPDCRp,1.5.1.21
2042,24_25VITD3Hm,1.14.13.126
2043,2AMACHYD,4.3.1.17
2044,2OXOADOXm,2.3.1.61
2045,34DHPHAMT,2.1.1.6
2046,34DHPLACOX_NADP,1.2.1.5
2047,34DHXMANDACOX,1.2.1.5
2048,34DHXMANDACOX_NADP,1.2.1.5
2049,3HBCDm,4.2.1.55
2050,3HBCOAHLm,3.1.2.4
2051,3HKYNAKGAT,2.6.1.7
2052,3HLYTCL,4.1.1.28
2053,3HPPD,1.1.1.59
2054,3HXKYNDCL,4.1.1.-
2055,3HXKYNOXDA,1.4.3.4
2056,3M4HDXPAC,1.2.1.5
2057,3MOX4HOXPGALDOX,1.2.1.5
2058,3MOX4HOXPGALDOX_NADP,1.2.1.5
2059,3MOXTYROX,1.4.3.4
2060,3NTD7l,3.1.3.6
2061,3SALACBOXL,4.1.1.29
2062,3SALATAi,2.6.1.1
2063,3SALATAim,2.6.1.1
2064,3SPYRSP,3.13.1
2065,3SPYRSPm,3.13.1
2066,41R1H2MAE12BOOX,1.4.3.4
2067,41R2A1H12BOOX,1.4.3.4
2068,42A12BOOX,1.4.99.4
2069,4HOXPACDOX_NADP,1.2.1.5
2070,5HLTDL,4.1.1.28
2071,5HOXINDACTO2OX,1.2.3.1
2072,5HOXINDACTOX,1.2.1.3
2073,5HOXINDACTOXm,1.2.1.3
2074,5HOXINOXDA,1.4.3.4
2075,5HTRPDOX,1.13.11.52
2076,5HXKYNDCL,4.1.1.28
2077,5HXKYNOXDA,1.4.3.4
2078,AACOAT,6.2.1.16
2079,AASAD3m,1.2.1.31
2080,AATAi,2.6.1.39
2081,ABTArm,2.6.1.19
2082,ABTD,1.1.1.12
2083,ACACT10m,2.3.1.9
2084,ACACT1x,2.3.1.9
2085,ACCOALm,6.2.1.17
2086,ACGALK,2.7.1.162
2087,ACGAM2E,5.1.3.8
2088,ACHEe,3.1.1.8
2089,ACNAM9PL,2.5.1.57
2090,ACNAMPH,3.1.3.29
2091,ACOAD10m,1.3.99.3
2092,ACOAD1fm,1.3.99.3
2093,ACOAD8m,1.3.99.10
2094,ACOAD9m,1.3.99.3
2095,ACOAHi,3.1.2.1
2096,ACYP,3.6.1.7
2097,ADAe,3.5.4.4
2098,ADCim,4.1.1.4
2099,ADNK1m,2.7.1.74
2100,ADPGLC,3.6.1.21
2101,ADPMAN,3.6.1.21
2102,ADPRDPm,3.6.1.13
2103,ADSELK,2.7.1.25
2104,AGMTm,3.5.3.11
2105,AGTim,2.6.1.44
2106,AGTix,2.6.1.44
2107,AKGDm,2.3.1.61
2108,AKR1C1,1.1.1.149
2109,AKR1C41,1.1.1.50
2110,AKR1C42,1.1.1.50
2111,AKR1D,1.3.99.6
2112,AKR1D2,1.3.99.6
2113,ALDD19x_P,1.2.1.5
2114,ALOX12R,1.13.11.-
2115,ALOX15,1.13.11.33
2116,ALOX5,1.13.11.34
2117,ALOX52,1.13.11.34
2118,ALR,1.2.1.49
2119,AMPTASECGe,3.4.13.18
2120,AOBUTDsm,1.1.1.381
2121,AP4AH1,3.6.1.61
2122,APAT2rm,2.6.1.55
2123,ARGDCm,4.1.1.19
2124,ARGNm,3.5.3.1
2125,ASNNm,3.5.1.38
2126,ASPNATm,2.3.1.17
2127,ATP1ter,2.7.4.6
2128,ATPH1e,3.6.1.5
2129,ATPH2e,3.6.1.5
2130,ATPS4m,3.6.3.14
2131,ATPasel,3.6.3.14
2132,ATPtm,2.7.4.6
2133,BAAT1x,2.3.1.65
2134,BAAT2x,2.3.1.65
2135,BAAT3x,2.3.1.65
2136,BACCLm,6.3.4.9
2137,BBHOX,1.14.11.1
2138,BCDO,1.14.99.36
2139,BDHm,1.1.1.30
2140,BETALDHxm,1.2.1.8
2141,BPNT2,3.1.3.7
2142,BTND1,3.5.1.12
2143,BTND1n,3.5.1.12
2144,BTNDe,3.5.1.12
2145,BTNDm,3.5.1.12
2146,C160CPT1,2.3.1.21
2147,C160CPT2,2.3.1.21
2148,C2M26DCOAHLm,4.2.1.17
2149,C2M26DCOAHLx,4.2.1.17
2150,CAT2p,1.11.1.6
2151,CATm,1.11.1.6
2152,CBL2OR,1.16.1.3
2153,CBLATm,2.5.1.17
2154,CBPSam,6.3.5.5
2155,CBR1,1.1.1.197
2156,CBR2,1.1.1.189
2157,CHAT,2.3.1.6
2158,CHATn,2.3.1.6
2159,CHLP,3.1.3.75
2160,CHOLD2m,1.1.99.1
2161,CHSTEROLSULT,2.8.2.2
2162,CITMCOAHm,4.2.1.56
2163,CITMCOALm,4.1.3.25
2164,CK,2.7.3.2
2165,CKc,2.7.3.2
2166,CMPSAS,2.7.7.43
2167,CMPSASn,2.7.7.43
2168,COKECBESr,3.1.1.84
2169,CORE4GTg,2.4.1.148
2170,CPCTDTX,2.7.7.15
2171,CSNATer,2.3.1.7
2172,CYANSTm,2.8.1.1
2173,CYSAMO,1.13.11.19
2174,CYSLYSL,4.4.1.8
2175,CYSO,1.13.11.20
2176,CYSTAm,2.6.1.3
2177,CYTDK1,2.7.1.48
2178,CYTDK2m,2.7.1.48
2179,CYTDn,3.5.4.5
2180,CYTK1m,2.7.4.25
2181,CYTK1n,2.7.4.25
2182,CYTK2n,2.7.4.25
2183,D3AIBTm,2.6.1.40
2184,DADAe,3.5.4.4
2185,DADNK,2.7.1.76
2186,DALAOXx,1.4.3.3
2187,DARGOp,1.4.3.3
2188,DASCBH,3.1.1.17
2189,DASPO1p,1.4.3.15
2190,DCK1m,2.7.1.74
2191,DCK1n,2.7.1.74
2192,DCK2n,2.7.1.74
2193,DCT,5.3.3.12
2194,DCYTDn,3.5.4.5
2195,DDPGAm,4.1.3.42
2196,DGNSKm,2.7.1.74
2197,DGULND,4.1.1.34
2198,DHCR71r,1.3.1.21
2199,DHCR72r,1.3.1.21
2200,DHEASULT,2.8.2.2
2201,DHPM2,3.5.2.2
2202,DMATTx,2.5.1.1
2203,DNADDP,3.6.1.9
2204,DNAMTn,2.1.1.37
2205,DOGULND1,4.1.1.-
2206,DOGULND2,4.1.1.-
2207,DOPABMO,1.14.17.1
2208,DOPAMT,2.1.1.6
2209,DORNOp,1.4.3.3
2210,DPCOAPP,3.6.1.9
2211,DPHMBDCm,4.1.1
2212,DPMVDx,4.1.1.33
2213,DPROOp,1.4.3.3
2214,DURAD2,1.3.1.2
2215,DURIK1m,2.7.1.21
2216,DUTPDPm,3.6.1.23
2217,DUTPDPn,3.6.1.23
2218,EBP1r,5.3.3.5
2219,EBP2r,5.3.3.5
2220,ECGISOr,5.1.-.-
2221,ECOAH12m,4.2.1.17
2222,ECOAH1m,4.2.1.55
2223,ECOAH1x,4.2.1.55
2224,ECOAH9m,4.2.1.17
2225,EGMESTr,3.1.1.-
2226,EPCTX,2.7.7.14
2227,ESTSULT,2.8.2.4
2228,ETHP,3.1.3.75
2229,F1PGT,2.7.7.30
2230,FACOAL204,6.2.1.15
2231,FACOAL206,6.2.1.24
2232,FACOAL40im,6.2.1.2
2233,FADDP,3.6.1.9
2234,FAH3,1.14.13.cs
2235,FBA4,4.1.2.19
2236,FCOAH,3.1.2.10
2237,FK,2.7.1.52
2238,FT,2.5.1.-
2239,FTCD,4.3.1.4
2240,FTHFDH,1.5.1.6
2241,FUT12g,2.4.1.69
2242,G3PD2m,1.1.99.5
2243,G5SDym,1.2.1.41
2244,G6PDH1er,1.1.1.363
2245,G6PPer,3.1.3.9
2246,GACMTRc,2.1.1.2
2247,GAL3ST12,2.8.2.11
2248,GALOR,1.1.1.21
2249,GCALDDm,1.2.1.21
2250,GGT5r,3.4.19.14
2251,GGT6,2.3.2.-
2252,GHMT3,4.1.2.-
2253,GHMT3m,4.1.2.-
2254,GK1m,2.7.4.8
2255,GLACO,1.2.1.3
2256,GLACOm,1.2.1.3
2257,GLNLASEer,3.1.1.25
2258,GLRASE,1.1.1.20
2259,GLU5Km,2.7.2.11
2260,GLUNm,6.3.5.5
2261,GLUTCOADHm,1.3.99.7
2262,GLXO2p,1.2.3.5
2263,GLYAMDTRc,2.1.4.1
2264,GLYATm,2.3.1.37
2265,GLYCLTDym,1.1.1.79
2266,GLYCTO1p,1.1.3.15
2267,GLYKm,2.7.1.30
2268,GLYOp,1.4.3.3
2269,GNDer,1.1.1.44
2270,GNMT,2.1.1.20
2271,GRTTx,2.5.1.10
2272,GSNKm,2.7.1.73
2273,GTHPe,1.11.1.9
2274,GTPCIn,3.5.4.16
2275,GULN3D,1.1.1.45
2276,GULNDer,1.1.1.2
2277,GluForTx,4.3.1.4
2278,H2O2syn,1.6.3.1
2279,HACD1m,1.1.1.35
2280,HACD1x,1.1.1.35
2281,HACD9m,1.1.1.35
2282,HAtly,3.2.1.35
2283,HBZOPT10m,2.5.1.39
2284,HEX10,2.7.1.8
2285,HIBDm,1.1.1.31
2286,HISDC,4.1.1.28
2287,HISTASE,1.4.3.6
2288,HKt,3.6.3.12
2289,HMGCOARr,1.1.1.34
2290,HMGCOARx,1.1.1.34
2291,HMGCOASim,2.3.3.10
2292,HMGLm,4.1.3.4
2293,HMGLx,4.1.3.4
2294,HPCLx,4.1.2
2295,HPYRDC,4.1.1.40
2296,HPYRDCm,4.1.1.40
2297,HSD11B1r,1.1.1.146
2298,HSD11B2r,1.1.1.146
2299,HSD17B1,1.1.1.62
2300,HSD17B2r,1.1.1.51
2301,HSD17B3r,1.1.1.64
2302,HSD17B7r,1.1.1.62
2303,HSD17B8r,1.1.1.62
2304,HSD3A1r,1.1.1.50
2305,HSD3A2r,1.1.1.50
2306,HSD3B11,5.3.3.1
2307,HSD3B11r,5.3.3.1
2308,HSD3B12r,5.3.3.1
2309,HSD3B13,5.3.3.1
2310,HSD3B13r,5.3.3.1
2311,HSD3B7,1.1.1.181
2312,HSD3B7P,1.1.1.181
2313,IDHPOXOX2b,1.11.1.8
2314,IDHPOXOX3,1.11.1.8
2315,IDHPOXOX4,1.11.1.8
2316,IDHPOXOXb,1.11.1.8
2317,IMACTD_m,1.2.1.3
2318,INOSTO,1.13.99.1
2319,INSKm,2.7.1.73
2320,IPDDIx,5.3.3.2
2321,ITCOAL1m,6.2.1.4
2322,KHK,2.7.1.3
2323,KYNAKGAT,2.6.1.7
2324,LACZe,3.2.1.23
2325,LACZly,3.2.1.23
2326,LCADi_D,1.2.1.23
2327,LCADi_Dm,1.2.1.23
2328,LCYSTAT,2.6.1.1
2329,LCYSTATm,2.6.1.1
2330,LCYSTCBOXL,4.1.1.29
2331,LDH_Lm,1.1.1.27
2332,LFORKYNHYD,3.7.1.3
2333,LPCOXp,1.5.3.7
2334,LSTO2r,1.14.21.6
2335,LTA4H,3.3.2.6
2336,LTC4Sr,4.4.1.20
2337,LTD4DP,3.4.14.6
2338,LTDCL,4.1.1.28
2339,LYSMTF3n,2.1.1.60
2340,LYSOXp,1.4.3.14
2341,MAOLNOR,1.4.3.4
2342,MAOX,1.4.3.6
2343,MCCCrm,6.4.1.4
2344,MCDm,4.1.1.9
2345,MCDp,4.1.1.9
2346,MELATN23DOX,1.13.11.52
2347,MEVK1x,2.7.1.36
2348,MGCHrm,4.2.1.18
2349,MI134P4P,3.1.3.66
2350,MI134PK,2.7.1.159
2351,MI134PP,3.1.3.57
2352,MI13PP,3.1.3.64
2353,MI14PP,3.1.3.57
2354,MI34PP,3.1.3.66
2355,MLTG1e,3.2.1.20
2356,MLTG1ly,3.2.1.20
2357,MMCDm,4.1.1.9
2358,MMCDp,4.1.1.9
2359,MMEm,5.1.99.1
2360,MMMm,5.4.99.2
2361,MMSAD1m,1.2.1.27
2362,MMSAD3m,1.2.1.27
2363,MTHFD2m,1.5.1.15
2364,NABTNOm,1.2.1.3
2365,NACASPAH,3.5.1.15
2366,NADNe,3.5.1.-
2367,NADPN,3.2.2.6
2368,NADPNe,3.2.2.6
2369,NDP10ex,3.6.1.64
2370,NDP3ex,3.6.1.6
2371,NDP6,3.6.1.6
2372,NDP7er,3.6.1.6
2373,NDP7ex,3.6.1.6
2374,NDP7g,3.6.1.6
2375,NDP8ex,3.6.1.5
2376,NDPK10m,2.7.4.6
2377,NDPK10n,2.7.4.6
2378,NDPK1m,2.7.4.6
2379,NDPK1n,2.7.4.6
2380,NDPK2m,2.7.4.6
2381,NDPK2n,2.7.4.6
2382,NDPK3m,2.7.4.6
2383,NDPK3n,2.7.4.6
2384,NDPK4m,2.7.4.6
2385,NDPK4n,2.7.4.6
2386,NDPK5m,2.7.4.6
2387,NDPK5n,2.7.4.6
2388,NDPK6m,2.7.4.6
2389,NDPK6n,2.7.4.6
2390,NDPK7m,2.7.4.6
2391,NDPK7n,2.7.4.6
2392,NDPK8m,2.7.4.6
2393,NDPK8n,2.7.4.6
2394,NDPK9m,2.7.4.6
2395,NDPK9n,2.7.4.6
2396,NMNATn,2.7.7.18
2397,NMPTRCOX,1.4.3.6
2398,NNATn,2.7.7.18
2399,NORANMT,2.1.1.28
2400,NOS1,1.14.13.39
2401,NOS2,1.14.13.39
2402,NP1,2.4.2.1
2403,NT5C,3.1.3.5
2404,NTD1m,3.1.3.89
2405,NTD2e,3.1.3.5
2406,NTD2l,3.1.3.5
2407,NTD2m,3.1.3.5
2408,NTD3l,3.1.3.89
2409,NTD4e,3.1.3.91
2410,NTD4l,3.1.3.91
2411,NTD5l,3.1.3.89
2412,NTD5m,3.1.3.89
2413,NTD6l,3.1.3.89
2414,NTD7e,3.1.3.5
2415,NTD7l,3.1.3.5
2416,NTD8l,3.1.3.89
2417,NTD9e,3.1.3.5
2418,NTD9l,3.1.3.5
2419,NTP3e,3.6.5.6
2420,OCBTm,2.1.3.3
2421,OCOAT1m,2.8.3.5
2422,OIVD1m,1.2.1.25
2423,OIVD2m,1.2.1.25
2424,OIVD3m,1.2.1.25
2425,ORNTArm,2.6.1.13
2426,P45011B12m,1.14.15.4
2427,P45017A1r,1.14.99.9
2428,P45017A2r,1.14.99.9
2429,P45017A3r,1.14.99.9
2430,P45017A4r,1.14.99.9
2431,P45021A1r,1.14.13
2432,P45021A2r,1.14.13
2433,P45027A11m,1.14.13.15
2434,P45027A13m,1.14.13.15
2435,P45027A14m,1.14.13.15
2436,P45027A16m,1.14.13.15
2437,P45027A1m,1.14.13.15
2438,P45039A1r,1.14.13.99
2439,P4503A43r,1.14.14.1
2440,P45046A1r,1.14.13.98
2441,P4507A1r,1.14.13.17
2442,P4507B11r,1.14.13.100
2443,P4507B12r,1.14.13.17
2444,P4508B11r,1.14.13.95
2445,P450SCC1m,1.14.15.6
2446,P5CRm,1.5.1.2
2447,P5CRxm,1.5.99.8
2448,PAN4PP,3.1.3.-
2449,PCm,6.4.1.1
2450,PDE1g,3.1.4.53
2451,PDE4g,3.1.4.35
2452,PEPCKm,4.1.1.32
2453,PGDI,5.3.99.2
2454,PGDIr,5.3.99.2
2455,PGESr,5.3.99.3
2456,PGISr,5.3.99.4
2457,PGLer,3.1.1.31
2458,PHACCOAGLNAC,2.3.1.14
2459,PHETA1m,2.6.1.9
2460,PHYHx,1.14.11.18
2461,PMEVKx,2.7.4.2
2462,PMI12346PHn,3.6.1.52
2463,PNTEH,3.5.1.92
2464,PNTKm,2.7.1.33
2465,PPA2m,3.6.1.25
2466,PPAer,3.6.1.1
2467,PPAn,3.6.1.1
2468,PPCOACm,6.4.1.3
2469,PPDOy,1.1.1
2470,PRDXl,1.11.1.7
2471,PRGNLONESULT,2.8.2.2
2472,PRO1x,1.5.99.8
2473,PROAKGOX1r,1.14.11.2
2474,PROD2m,1.5.99.8
2475,PTE5x,3.1.2.-
2476,PTHPSn,4.2.3.12
2477,PTRCAT1,2.3.1.57
2478,PTRCOX1,1.4.3.6
2479,PYDXDH,1.2.3.8
2480,PYLALDOX,1.2.1.3
2481,PYLALDOXm,1.2.1.3
2482,RADH,1.2.1.36
2483,RAHY,1.14.14.1
2484,RAI1,5.2.1.3
2485,RDH1,1.1.1.105
2486,RDH1a,1.1.1.300
2487,RDH2,1.1.1.315
2488,RDH2a,1.1.1.-
2489,RDH3,1.1.1.315
2490,RDH3a,1.1.1.-
2491,RETI1,5.2.1.7
2492,SACCD3m,1.5.1.8
2493,SACCD4m,1.5.1.9
2494,SALMCOM,2.1.1.6
2495,SALMCOM2,2.1.1.6
2496,SAMHISTA,2.1.1.8
2497,SARCOXp,1.5.3.1
2498,SBPP3er,3.1.3.4
2499,SCPx,2.3.1.176
2500,SEAHCYSHYD,3.3.1.1
2501,SELADT,2.7.7.4
2502,SELCYSTGL,4.4.1.1
2503,SELCYSTS,4.2.1.22
2504,SERHL,4.3.1.17
2505,SGPL11r,4.1.2.27
2506,SPHK21c,2.7.1.91
2507,SPODMe,1.15.1.1
2508,SPODMm,1.15.1.1
2509,SPODMn,1.15.1.1
2510,SPODMx,1.15.1.1
2511,SPR,1.1.1.153
2512,SPRn,1.1.1.153
2513,SPTix,2.6.1.51
2514,SQLSr,2.5.1.21
2515,SR5AR2r,1.3.1.22
2516,SR5ARr,1.3.1.3
2517,SRTN23OX,1.13.11.52
2518,SRTNACT,2.3.1.87
2519,SRTNMTX,2.1.1.49
2520,SSALxm,1.2.1.24
2521,ST3GAL61g,2.4.99.10
2522,SUCOAS1m,6.2.1.4
2523,T2M26DCOAHLm,4.2.1.17
2524,T2M26DCOAHLx,4.2.1.17
2525,TDPm,3.6.1.15
2526,THD1m,1.6.1.2
2527,THMTP,3.6.1.28
2528,THYPX,1.11.1.8
2529,TMABADH,1.2.1.47
2530,TMDK1m,2.7.1.21
2531,TMLYSOX,1.14.11.8
2532,TRIODTHYSULT,2.8.2.1
2533,TRIOK,2.7.1.28
2534,TRYPTAOX,1.4.3.6
2535,TXASr,5.3.99.5
2536,TYRCBOX,4.1.1.28
2537,TYRDOPO,1.14.18.1
2538,TYRDOPO3,1.14.18.1
2539,TYROXDAc,1.4.99.4
2540,UAGALDP,2.7.7.83
2541,UDPGLDCg,4.1.1.35
2542,UDPGNP,3.2.1
2543,UDPGP,3.6.1.9
2544,UGALGTg,2.4.1.22
2545,UMPKm,2.7.4.4
2546,URIDK2m,2.7.4.9
2547,UROLACer,3.1.1.19
2548,VITD3Hm,1.14.13.159
2549,VLCS2p,6.2.1.7
2550,VLCS2r,6.2.1.7
2551,VLCSp,6.2.1.7
2552,VLCSr,6.2.1.7
2553,XANDp,1.17.1.4
2554,XAO2x,1.17.3.2
2555,XAOx,1.17.3.2
2556,XYLUR,1.1.1.10
2557,R03184_PLUS_R00647,1.1.3.8
2558,R01465m,1.1.1.103
2559,ADOCBIAH,3.5.1.90
2560,AHGDx,1.1.1.M7
2561,AHXDH,3.5.1.46
2562,AKGCAL,4.1.3
2563,ALCD20y,1.1.1.80
2564,ATRZCH,3.8.1.8
2565,CA2abc,3.6.3.8
2566,CD2abc1,3.6.3.46
2567,CD2abc2,3.6.3.46
2568,CH2ACH,4.2.1.114
2569,CH3ACH,4.2.1.114
2570,COBS,2.7.1.-
2571,DMAMT,2.1.1.249
2572,GAPD_nadp,1.2.1.59
2573,GF4GL_0,6.3.2.31
2574,GK_adp,2.7.1.147
2575,GLUTRS_Gln,6.1.1.24
2576,H4MPTGL_atp,6.3.2.33
2577,HSPMS,2.5.1.44
2578,LPFPLT,2.7.8.28
2579,LPPGS,2.7.7.68
2580,MCMMT,2.1.1.90
2581,MDHi2,1.1.1.37
2582,MDHy,1.1.1.82
2583,NTP8,3.6.1.39
2584,NTP9,3.6.1.5
2585,NTRIR2y,1.7.1.4
2586,PFK_adp,2.7.1.146
2587,PPA_1,3.6.1.1
2588,RBPI,5.3.1.29
2589,RH2CD,4.2.1.114
2590,RH3CD,4.2.1.114
2591,SPDC,4.1.1.79
2592,TMAMT,2.1.1.250
2593,ADAPAT,2.6.1.-
2594,AHEXASE3,3.2.1.52
2595,AROH,4.2.1.91
2596,ASNTRAT,6.3.5.6
2597,ASPTA6,2.6.1.12
2598,ASPTRS_Asn,6.1.1.23
2599,BGLA,3.2.1.74
2600,CEPA,2.4.1.20
2601,CRTNh,3.5.2.10
2602,CYSTAi,2.6.1.3
2603,DAPDA,3.5.1.47
2604,DHORD_NAD,1.3.1.14
2605,FPGS_tm,6.3.2.17
2606,GALM2,5.1.3.3
2607,GDH1,1.4.1.3
2608,GLUFORT,4.3.1.4
2609,GLUFT,2.1.2.5
2610,GalMr,5.1.3.3
2611,MCLORi,1.1.1.27
2612,MNLDH2,1.1.1.67
2613,MNLDHr,1.1.1.255
2614,NADHPO,1.11.1.1
2615,NOX,1.6.3.3
2616,PFK_ppi,2.7.1.90
2617,PGAMTi,5.4.2.10
2618,SPTc,2.6.1.51
2619,SULFDH,1.8.1.18
2620,THPAT,2.3.1.89
2621,TMDS3,2.1.1.148
2622,ALCD2yi,1.1.1.71
2623,ASP4DC,4.1.1.12
2624,ASPO2y,1.4.1.21
2625,ASPR,5.1.1.13
2626,BTCOARx,1.2.1.87
2627,DAPNH4T,2.6.1.83
2628,HAMR,1.7.99.1
2629,ICDHx,1.1.1.41
2630,MDDCP1ex,3.4.16.4
2631,MDDCP2ex,3.4.16.4
2632,MDDCP3ex,3.4.16.4
2633,MDDCP4ex,3.4.16.4
2634,MDDCP5ex,3.4.16.4
2635,FE3abch,3.6.3.30
2636,NA1ATPaseh,3.6.3.7
2637,TSULth,3.6.3.25
2638,FEROt,1.16.3.1
2639,OAAtf,5.3.2.2
2640,NA1ATPasem,3.6.3.7
2641,TSULtm,3.6.3.25
2642,ALATL,6.1.1.7
2643,ASPOm,1.4.3.2
2644,ASPATh,2.6.1.1
2645,ASPSE,3.5.1.38
2646,AAPT,2.7.1.46
2647,GF6PTA_1,2.6.1.16
2648,UA4E,5.1.3.5
2649,UDPGALOR,1.1.1.-
2650,UMPU,2.7.7.37
2651,AABHH,3.4.13.20
2652,AGGPR,1.2.1.38
2653,AOTA,2.6.1.11
2654,ARGDI,3.5.3.6
2655,G5DHx,1.2.1.41
2656,NOS,1.14.13.39
2657,NOS2_1,1.14.13.39
2658,ARGSS_1,6.3.4.5
2659,OCT,2.1.3.3
2660,OCTh,2.1.3.3
2661,OCTm,2.1.3.3
2662,ASAPT,2.5.1.22
2663,BADP,3.4.13.5
2664,PBAL,6.3.2.1
2665,BUPN,3.5.1.6
2666,DHPD,3.5.2.2
2667,CADMO,1.14.13.13
2668,CHLSTD78I,5.3.3.5
2669,CHLSTI_1,5.3.3.5
2670,CHLSTR,1.3.1.72
2671,CMK,2.7.1.148
2672,CMS,2.7.7.60
2673,CYARTMT,2.1.1.41
2674,DDSMSTOLR,1.3.1.72
2675,DSMSTOLR,1.3.1.72
2676,DXRI,1.1.1.267
2677,DXS,2.2.1.7
2678,FPPSh,2.5.1.10
2679,GGDR,1.3.1.83
2680,GGPS_1,2.5.1.29
2681,GPPSh,2.5.1.1
2682,HPT,2.5.1.115
2683,IDIh,5.3.3.2
2684,IDS1,1.17.1.2
2685,IDS2,1.17.1.2
2686,LTHSTRLOR,1.14.21.6
2687,MCS,4.6.1.12
2688,MERGTROLR,1.3.1.70
2689,MPQMT,2.1.1.295
2690,PSPPS,2.5.1.96
2691,SS,2.5.1.21
2692,TCYD,5.5.1.24
2693,TCYG,5.5.1.24
2694,TMTD,2.1.1.95
2695,TMTG,2.1.1.95
2696,ZYMSTR,1.3.1.72
2697,3OACOAR,1.1.1.330
2698,3OACOAS,2.3.1.199
2699,COA1819ZD9DS,1.14.19.1
2700,ECOAR,1.3.1.93
2701,FACOAE1836Z9Z12Z,3.1.2.2
2702,APLh,2.2.1.6
2703,APLm,2.2.1.6
2704,BCACT,2.8.3.8
2705,BCOR,1.3.99.2
2706,BNOR,1.2.1.87
2707,BNORh,1.2.1.87
2708,BTS,1.1.1.-
2709,BTS_nadph,1.1.1.-
2710,HBCHLR,4.2.1.55
2711,HBCO_nadp,1.1.1.35
2712,HBCO_nadp_m,1.1.1.35
2713,HBCOm,1.1.1.35
2714,HBNOx,1.1.1.30
2715,SSNOh,1.2.1.24
2716,FBA3hi,4.1.2.13
2717,GAPDH_nadp_hi,1.2.1.59
2718,HCO3Ehi,4.2.1.1
2719,HCO3E_1,4.2.1.1
2720,HCO3Em_1,4.2.1.1
2721,MDH_nadp_hi,1.1.1.82
2722,PPDKh,2.7.9.1
2723,PRUK_1,2.7.1.19
2724,RBPCh,4.1.1.39
2725,SBP_1,3.1.3.37
2726,MDHC_nadp_hr,1.1.1.40
2727,ANXANOR,1.14.13.90
2728,CHYA1,1.14.99
2729,CHYA2,1.14.99
2730,CXHY,1.14.99.45
2731,LCYA,5.5.1.19
2732,LCYB,5.5.1.19
2733,LCYD,5.5.1.18
2734,LCYE,5.5.1.18
2735,LCYG,5.5.1.19
2736,NEOXANS,5.3.99.9
2737,ZAXANOR,1.14.13.90
2738,ZHY,1.14.99.45
2739,3SPYRSPh,3.13.1
2740,3SPYRSPm_1,3.13.1
2741,ACSERSULL,2.5.1.47
2742,ACSERSULLh,2.5.1.47
2743,ACSERSULLm,2.5.1.47
2744,SHSL1h,2.5.1.48
2745,SHSL2h,2.5.1.48
2746,SHSL4h,4.2.99.9
2747,AATC,2.6.1.1
2748,AATG,2.6.1.1
2749,AATGm,2.6.1.1
2750,CTINBL,4.4.1.8
2751,CYSATm,2.6.1.3
2752,CYSAT,2.6.1.3
2753,CYSDO,1.13.11.20
2754,CYSS_1,2.5.1.65
2755,CYSS_trdrd,2.5.1.49
2756,CYSTBL,4.4.1.8
2757,SAT,2.3.1.30
2758,SATm,2.3.1.30
2759,CITALALDOR,1.2.3.1
2760,DDMCITALOR,1.4.3.4
2761,DMCITALOR,1.4.3.4
2762,LIDOAMH,3.1.1.1
2763,LIDOMO,1.14.14.1
2764,MEGLYXYLAMH,3.1.1.1
2765,56DH5FLURAAMH,3.5.2.2
2766,5FLURAOR,1.3.1.2
2767,5FLURAPRT,2.4.2.10
2768,6MPURPRT,2.4.2.8
2769,6TINS5MPOR,1.1.1.205
2770,6TXAN5MPAML,6.3.5.2
2771,AFLBURPPAAMH,3.5.1.6
2772,TGUAPRT,2.4.2.8
2773,3HAD100_1,4.2.1.59
2774,3HAD120_1,4.2.1.59
2775,3HAD140_1,4.2.1.59
2776,3HAD160_1,4.2.1.59
2777,3HAD180_1,4.2.1.61
2778,3HAD181_1,4.2.1.61
2779,3HAD40_1,4.2.1.59
2780,3HAD60_1,4.2.1.59
2781,3HAD80_1,4.2.1.59
2782,3OAR100_1,2.3.1.86
2783,3OAR120_1,2.3.1.86
2784,3OAR140_1,2.3.1.86
2785,3OAR160_1,2.3.1.86
2786,3OAR180_1,1.1.1.100
2787,3OAR181_1,1.1.1.100
2788,3OAR40_1,2.3.1.86
2789,3OAR60_1,2.3.1.86
2790,3OAR80_1,2.3.1.86
2791,3OAS100_1,2.3.1.86
2792,3OAS120_1,2.3.1.86
2793,3OAS140_1,2.3.1.86
2794,3OAS160_1,2.3.1.86
2795,3OAS180_1,2.3.1.41
2796,3OAS181_1,2.3.1.179
2797,3OAS60_1,2.3.1.86
2798,3OAS80_1,2.3.1.86
2799,ACCOAC_1,6.4.1.2
2800,ACOATA_1,2.3.1.86
2801,BTNC,6.3.4.14
2802,EAR100x_1,2.3.1.-
2803,EAR100y_1,2.3.1.86
2804,EAR120x_1,2.3.1.-
2805,EAR120y_1,2.3.1.86
2806,EAR140x_1,2.3.1.-
2807,ACOA60OR,1.3.99.3
2808,EAR140y_1,2.3.1.86
2809,EAR160x_1,1.3.1.9
2810,EAR160y_1,1.3.1.10
2811,EAR180x_1,1.3.1.9
2812,EAR181x_1,1.3.1.9
2813,EAR181y_1,1.3.1.10
2814,EAR40x_1,2.3.1.-
2815,EAR40y_1,2.3.1.86
2816,EAR60x_1,2.3.1.-
2817,EAR60y_1,2.3.1.86
2818,EAR80x_1,2.3.1.-
2819,EAR80y_1,2.3.1.86
2820,FA100ACPHi_1,3.1.2.21
2821,FA120ACPHi_1,3.1.2.21
2822,FA140ACPHi_1,3.1.2.14
2823,FA160ACPHi_1,3.1.2.14
2824,FA161ACPHi_1,3.1.2.14
2825,FA180ACPHi,3.1.2.14
2826,FA181ACPHi,3.1.2.14
2827,FA80ACPHi_1,3.1.2.21
2828,KAS14_1,2.3.1.86
2829,MCOATA_1,2.3.1.86
2830,ACACT2m,2.3.1.9
2831,ACACT3m,2.3.1.9
2832,ACACT4m,2.3.1.9
2833,ACACT5m,2.3.1.9
2834,ACACT6m,2.3.1.9
2835,ACACT7m,2.3.1.9
2836,ACOAR2m,1.3.1.8
2837,ACOAR3m,1.3.1.8
2838,ACOAR4m,1.3.1.8
2839,ACOAR5m,1.3.1.8
2840,ACOAR6m,1.3.1.8
2841,ACOAR7m,1.3.1.8
2842,ECOAH2m,4.2.1.74
2843,ECOAH3m,4.2.1.74
2844,ECOAH4m,4.2.1.74
2845,ECOAH5m,4.2.1.74
2846,ECOAH6m,4.2.1.74
2847,ECOAH7m,4.2.1.74
2848,HACD2m,1.1.1.35
2849,HACD3m,1.1.1.35
2850,HACD4m,1.1.1.35
2851,HACD5m,1.1.1.35
2852,HACD6m,1.1.1.35
2853,HACD7m,1.1.1.35
2854,AACPS1_1,6.2.1.20
2855,AACPS3_1,6.2.1.20
2856,AACPS6_1,6.2.1.20
2857,ACACT1,2.3.1.9
2858,ACACT2,2.3.1.9
2859,ACACT3,2.3.1.9
2860,ACOA100OR,1.3.99.3
2861,ACOA120OR,1.3.99.3
2862,ACOA140OR,1.3.99.3
2863,ACOA160OR,1.3.99.3
2864,ACOA40OR,1.3.99.3
2865,PGCM,5.4.2.5
2866,ACOA80OR,1.3.99.3
2867,ECOAH1_1,4.2.1.55
2868,ECOAH2_1,4.2.1.74
2869,ECOAH3_1,4.2.1.74
2870,ECOAH4_1,4.2.1.74
2871,ECOAH5_1,4.2.1.74
2872,ECOAH6_1,4.2.1.74
2873,ECOAH7_1,4.2.1.74
2874,HACD1_1,1.1.1.35
2875,HACD2_1,1.1.1.35
2876,HACD3_1,1.1.1.35
2877,HACD4_1,1.1.1.35
2878,HACD5_1,1.1.1.35
2879,HACD6_1,1.1.1.35
2880,HACD7_1,1.1.1.35
2881,10FTHFGLULL,6.3.2.17
2882,10FTHFGLULLm,6.3.2.17
2883,AKP1_1,3.1.3.1
2884,DHFOR,1.5.1.3
2885,DNTPPA_1,3.6.1.67
2886,GTPCI_2,3.5.4.16
2887,THFGLUH,3.4.17.11
2888,THFGLUS_1,6.3.2.17
2889,THFOR1,1.5.1.3
2890,THFOR2,1.5.1.3
2891,AF1PT,2.7.1.3
2892,AGAKI,5.3.1.7
2893,AM6PTh,2.7.1.7
2894,BFBP,3.1.3.11
2895,BFBPh,3.1.3.11
2896,FPGPL,4.1.2.13
2897,MPAKI,5.3.1.8
2898,MPPM,5.4.2.8
2899,SBTRh,1.1.1.21
2900,AGMIS,2.4.1.82
2901,EMGH,3.2.1.22
2902,GALKh,2.7.1.6
2903,GALO,1.1.3.9
2904,GGGH,3.2.1.22
2905,GRGT,2.4.1.67
2906,IAGT,2.4.1.123
2907,LCGH,3.2.1.23
2908,MGHB,3.2.1.22
2909,MLGH,3.2.1.22
2910,MTGH,3.2.1.22
2911,OAGMIG,3.2.1.22
2912,RGH,3.2.1.22
2913,SGHA,3.2.1.48
2914,SYGH,3.2.1.22
2915,ARGDh,4.1.1.15
2916,GAM,6.3.5.5
2917,GDR_nadp_h,1.8.1.7
2918,PRDPARh,2.4.2.14
2919,GCL,6.3.2.2
2920,GALh,6.3.1.2
2921,GALm,6.3.1.2
2922,GLUS,1.4.1.14
2923,GDH,1.4.1.4
2924,GDH_nadp,1.4.1.4
2925,AGPAT160h,2.3.1.51
2926,DAGK160h,2.7.1.107
2927,G3PAT160_1,2.3.1.15
2928,G3PAT160h,2.3.1.15
2929,G3PAT180h,2.3.1.15
2930,G3PAT181h,2.3.1.15
2931,GLYALDOR,1.2.1.3
2932,PAPA160h,3.1.3.4
2933,UDPSQS,3.13.1.1
2934,G3PD1_1,1.1.1.94
2935,G3PD2_2,1.1.1.94
2936,G3PO,1.1.3.21
2937,SERDC,4.1.1
2938,AMO,1.4.3.6
2939,AOBUTDxs,1.1.1.381
2940,GHMT,2.1.2.1
2941,GLYATx,2.3.1.37
2942,GLYCDH_1,1.1.1.81
2943,GLYCOR_nadp,1.1.1.81
2944,GLYDHD,1.4.4.2
2945,GLYPT,2.7.1.31
2946,GLYTA_1,2.6.1.44
2947,GLYTLm,6.1.1.14
2948,HSK_1,2.7.1.39
2949,PGLYCPh,3.1.3.18
2950,PGLYDH,1.1.1.95
2951,PSAT,2.6.1.52
2952,PSP,3.1.3.3
2953,SGAT,2.6.1.45
2954,THRA_1,4.1.2.5
2955,THRAL,4.3.1.19
2956,THRS_1,4.2.3.1
2957,ASADH,1.2.1.11
2958,ASPK_1,2.7.2.4
2959,HSDH,1.1.1.3
2960,ACPh,3.6.1.7
2961,ENOf,4.2.1.11
2962,ENOm,4.2.1.11
2963,FBAf,4.1.2.13
2964,FBAh,4.1.2.13
2965,FBAm,4.1.2.13
2966,G6PI_1,5.3.1.9
2967,G6PIh,5.3.1.9
2968,GAPDHf,1.2.1.59
2969,GAPDHh,1.2.1.59
2970,GAPDHi,1.2.1.59
2971,GAPDHm,1.2.1.59
2972,GLUKA,2.7.1.2
2973,GLUKAh,2.7.1.2
2974,PFKh,2.7.1.11
2975,PGIA,5.3.1.9
2976,PGIAh,5.3.1.9
2977,PGIBh,5.3.1.9
2978,PGM_1,5.4.2.12
2979,PGMf,5.4.2.12
2980,PGMm,5.4.2.12
2981,PGMTh,5.4.2.5
2982,PDHam1hi,4.1.1.1
2983,PDHam1mi,4.1.1.1
2984,PDHam2hi,1.2.4.1
2985,PDHam2mi,1.2.4.1
2986,PDHe2hr,2.3.1.12
2987,PDHe2r,2.3.1.12
2988,PDHe3hr,1.8.1.4
2989,PGKf,2.7.2.3
2990,PGKh,2.7.2.3
2991,PGKm,2.7.2.3
2992,PYKf,2.7.1.40
2993,PYKm,2.7.1.40
2994,TPIh,5.3.1.1
2995,PDCh,4.1.1.1
2996,PDCm,4.1.1.1
2997,FORAMDx,3.5.1.49
2998,HOXPRm,1.1.1.60
2999,ICL_1,4.1.3.1
3000,MTHFCx,3.5.4.9
3001,OXADCm,4.1.1.2
3002,PGLYCPx,3.1.3.18
3003,RBCh_1,4.1.1.39
3004,MALSh,2.3.3.9
3005,MALSm,2.3.3.9
3006,AO,1.4.3.6
3007,AOOA,2.6.1.9
3008,AOOAh,2.6.1.9
3009,HDC,4.1.1.28
3010,HDH,1.1.1.23
3011,HDHh,1.1.1.23
3012,HP,3.1.3.15
3013,HPh,3.1.3.15
3014,IGPDh,4.2.1.19
3015,IMGPSh,4.1.3.-
3016,PRACHh,3.5.4.19
3017,PRADPh,3.6.1.31
3018,PRICIh,5.3.1.16
3019,IBPHn,3.1.3.66
3020,MI3PSB,5.5.1.4
3021,MIHKPP,3.1.3.62
3022,ACDO_co,1.13.11.53
3023,ACPCS,4.4.1.14
3024,ACRSP,3.1.3.87
3025,ADSHm,3.3.1.1
3026,AHHST,2.5.1.49
3027,AHSL,2.5.1.48
3028,CYSTS_1,2.5.1
3029,DMT,2.1.1.37
3030,MATm,2.5.1.6
3031,MS,2.1.1.14
3032,APAPTm,2.5.1.16
3033,DOLDPP,3.6.1.43
3034,UDPDOLPT,2.4.1.117
3035,ANNAT,2.7.7.18
3036,ANNATn,2.7.7.18
3037,DNGALh,6.3.5.1
3038,N2PH,3.1.3.-
3039,NAPT,2.4.2.12
3040,NNOR,1.6.1.3
3041,NPH,3.6.1.9
3042,AMID_1,3.5.1.4
3043,CPS,6.3.4.16
3044,FORA,3.5.1.49
3045,GLUS_nadph,1.4.1.13
3046,GLYS,2.1.2.10
3047,NITR,1.7.1.2
3048,URCBm,6.3.4.6
3049,URCN_1,4.2.1.49
3050,PROAKGOX1,1.14.11.2
3051,DHFR2i,1.5.1.3
3052,FGFTh,2.1.2.2
3053,FGFTm,2.1.2.2
3054,FOLR2_1,1.5.1.3
3055,FPGFTh,2.1.2.2
3056,FPGFTm,2.1.2.2
3057,FTAL,4.3.1.4
3058,FTCL,6.3.3.2
3059,METSm,2.1.1.13
3060,MTAM,2.1.2.10
3061,MTAM_nh4,2.1.2.10
3062,MTHFO,1.5.1.20
3063,MTHFO_nadp,1.5.1.20
3064,IDPh,3.6.1.1
3065,IDPm,3.6.1.1
3066,2DHPFALDL,4.1.2.12
3067,ACPS1_1,2.7.8.7
3068,ACPS1h,2.7.8.7
3069,APCPT,2.7.1.33
3070,APNPT,2.7.1.34
3071,APPAT,2.7.7.3
3072,BCTA_val_m,2.6.1.6
3073,DMORh,1.1.1.86
3074,MTMOHT,2.1.2.11
3075,PBALm,6.3.2.1
3076,PNORm,1.1.1.169
3077,PNORn,1.1.1.169
3078,PPATDh,2.2.1.6
3079,G6PADH,1.1.1.49
3080,G6PADHh,1.1.1.49
3081,G6PBDHh,1.1.1.49
3082,GNKh,2.7.1.12
3083,PGDHh,1.1.1.44
3084,PGLh,3.1.1.31
3085,PPMh,5.4.2
3086,RPDPK,2.7.6.1
3087,TAh,2.2.1.2
3088,RPEh,5.1.3.1
3089,RPIh,5.3.1.6
3090,TKT1h,2.2.1.1
3091,TKT2h,2.2.1.1
3092,ANTPPT,2.4.2.18
3093,ATNS,4.1.3.27
3094,ATNS_nh4,4.1.3.27
3095,CHRM,5.4.99.5
3096,CHRS,4.2.3.5
3097,DHQS_1,4.2.3.4
3098,DPHS,2.5.1.54
3099,DQDH,4.2.1.10
3100,G3PL,4.2.1.20
3101,IGPS_1,4.1.1.48
3102,POAT,2.6.1.9
3103,POATh,2.6.1.9
3104,POATm,2.6.1.9
3105,PRAI,5.3.1.24
3106,PSCIT,2.5.1.19
3107,SERH,4.2.1.20
3108,SKDH,1.1.1.282
3109,SKK,2.7.1.71
3110,TRPS2h,4.2.1.20
3111,ATPSh,3.6.3.14
3112,SUCDHh,1.3.5.1
3113,ABOR,1.2.1.3
3114,AGDI,3.5.3.12
3115,AGDIn,3.5.3.12
3116,CMPA,3.5.1.53
3117,ORDCh,4.1.1.17
3118,PTOR,1.4.3.6
3119,BILIRED_1,1.3.1.24
3120,CHLASE,3.1.1.14
3121,CHLASG,2.5.1
3122,CHLASP,2.5.1.62
3123,CHLBSP,2.5.1.62
3124,CPPPGO_1,1.3.3.3
3125,DVCHLDR,1.3.1.75
3126,FCLT_1,4.99.1.1
3127,FERO,1.16.3.1
3128,G1SAT_1,5.4.3.8
3129,GLUTRR_1,1.2.1.70
3130,GLUTRS_1,6.1.1.24
3131,HEMEOSm_1,2.5.1.-
3132,HOXG_1,1.14.99.3
3133,MPMECY2,1.14.13.81
3134,MPML_1,6.6.1.1
3135,PPBNGD,4.3.1.8
3136,PPBNGS_1,4.2.1.24
3137,PPPGO_1,1.3.3.4
3138,SHCHF_1,4.99.1.4
3139,TFENFEOR,1.16.1.2
3140,UPP3MT_1,2.1.1.107
3141,UPP3S_1,4.2.1.75
3142,UPPDC1_1,4.1.1.37
3143,UPPDC2_1,4.1.1.37
3144,ACCAHh,3.5.99.7
3145,ACCAHm,3.5.99.7
3146,APPTh,2.7.2.15
3147,APPTm,2.7.2.15
3148,MCDC,4.1.1.9
3149,PCFPTh,2.3.1.54
3150,PCFPTm,2.3.1.54
3151,PCPPTh,2.3.1.8
3152,PCPPTm,2.3.1.8
3153,PPACOALh,6.2.1.17
3154,PPACOALm,6.2.1.17
3155,AASPh,2.7.1.25
3156,AASPm,2.7.1.25
3157,ADATT,2.7.7.53
3158,ADECn,4.6.1.1
3159,ADSSh,6.3.4.4
3160,AGPOP,2.7.1.40
3161,AGPOPm,2.7.1.40
3162,APATT,2.7.7.53
3163,APNn,3.1.4.53
3164,ATAH,3.5.3.4
3165,ATAH_co2,3.5.3.9
3166,ATAMh,2.7.4.3
3167,ATDAMh,2.7.4.3
3168,ATDAMm,2.7.4.3
3169,ATDGDm,2.7.4.6
3170,ATGDm,2.7.4.6
3171,ATNAH,3.5.2.5
3172,ATPPHm,3.6.4.9
3173,BTP,3.6.1.29
3174,BTPS,3.6.1.41
3175,DAPOP,2.7.1.40
3176,GCPN,3.1.4.35
3177,GDTP,3.6.1.40
3178,GMP5N,3.1.3.5
3179,GMPS_glu_m,6.3.5.2
3180,GMPSm,6.3.5.2
3181,GPAR,2.4.2.8
3182,GTPDPK_1,2.7.6.5
3183,GTPOPm,2.7.1.40
3184,GUAC,4.6.1.2
3185,GUACn,4.6.1.2
3186,GUAD_1,3.5.4.3
3187,HIUH,3.5.2.17
3188,ICH,3.5.4.10
3189,IDPA,3.6.1.64
3190,IMPDm,1.1.1.205
3191,ITPA,3.6.1.5
3192,PPRGL,6.3.4.13
3193,PPRGLh,6.3.4.13
3194,PRAIC,4.1.1.21
3195,PRAICh,4.1.1.21
3196,PRAISh,6.3.2.6
3197,PRFGCL,6.3.3.1
3198,PRFGCLh,6.3.3.1
3199,PRFGSh,6.3.5.3
3200,UGAH,3.5.3.9
3201,URO,1.7.3.3
3202,ASPCT_1,2.1.3.2
3203,ASPCTm,2.1.3.2
3204,CDPPH,3.6.1.6
3205,DATCY,2.7.1.48
3206,DATUP,2.7.1.48
3207,DCTCP,2.7.1.48
3208,DCTUP,2.7.1.48
3209,DGTCY,2.7.1.48
3210,DGTUP,2.7.1.48
3211,DHR,3.5.2.3
3212,DHROm,1.3.99.11
3213,DTPH,3.6.1.5
3214,DTTGY,2.7.1.48
3215,DTTUP,2.7.1.48
3216,DUTCP,2.7.1.48
3217,DUTUP,2.7.1.48
3218,HCGALm,6.3.5.5
3219,ITCY,2.7.1.48
3220,TDSRh,1.8.1.9
3221,UPRT,2.4.2.9
3222,UTCY,2.7.1.48
3223,UTUP,2.7.1.48
3224,ACALDh,1.2.1.10
3225,ACCOAhi,6.4.1.2
3226,ACKrh,2.7.2.15
3227,ACKrm,2.7.2.15
3228,ALCDH_nadp_hi,1.1.1.71
3229,APhi,3.6.1.7
3230,IPPSh,2.3.3.13
3231,LDHm,1.1.1.28
3232,LLDHh,1.1.1.27
3233,PFLACTm,2.3.1.54
3234,PFLh,2.3.1.54
3235,PTArh,2.3.1.8
3236,PTArm,2.3.1.8
3237,PYRDC_1,4.1.1.1
3238,CAROMO,1.14.99.36
3239,CRETINOLOR1,1.1.1.315
3240,CRETINOLOR2,1.1.1.-
3241,CRETINOLPMTACT,2.3.1.76
3242,TRETINOLOR1,1.1.1.105
3243,TRETINOLOR2,1.1.1.300
3244,AFAT,2.7.7.2
3245,AUNOR,1.1.1.193
3246,AUS,3.1.3.-
3247,DLDLBT,2.5.1.78
3248,RIBFS,2.5.1.9
3249,ACHMSSELCYSL,2.5.1.48
3250,ACHMSSELCYSLh,2.5.1.48
3251,ACSERL,2.5.1.47
3252,ACSERLh,2.5.1.47
3253,ACSERLm,2.5.1.47
3254,PHOMSELCYSL,2.5.1
3255,PHOMSELCYSLh,2.5.1
3256,SEAHCYSHYD_1,3.3.1.1
3257,SELCYSTL,4.4.1.8
3258,SELCYSTLh,4.4.1.8
3259,SUCHMSSELCYSL,2.5.1.48
3260,SUCHMSSELCYSLh,2.5.1.48
3261,SECYSTL,6.1.1.11
3262,SLCS,2.9.1.1
3263,SLDK,2.7.9.3
3264,SBPP3,3.1.3.4
3265,SGOR,1.3.99.-
3266,AATHA,3.2.1.28
3267,AATHB,3.2.1.28
3268,ABFPT,2.7.1.4
3269,ABFPTh,2.7.1.4
3270,BFFS,3.2.1.26
3271,SAGH,3.2.1.48
3272,UFAGT,2.4.1.14
3273,UG6PGT,2.4.1.15
3274,UG6PGTn,2.4.1.15
3275,UGE,5.1.3.6
3276,GLPThi,2.7.7.27
3277,SULO,1.8.3.1
3278,SULOm,1.8.3.1
3279,ACONTx,4.2.1.3
3280,AKGDHe2r,2.3.1.61
3281,MDH_nadp_fi,1.1.1.82
3282,MDHf,1.1.1.37
3283,MDHh,1.1.1.37
3284,MDHm_1,1.1.1.37
3285,MDHx,1.1.1.37
3286,ICDHhr,1.1.1.42
3287,SUCLm,6.2.1.5
3288,PPCKm,4.1.1.49
3289,MAAIn,5.2.1.2
3290,ALPHm,3.5.1.54
3291,URCB,6.3.4.6
3292,ACAS_2ahbut,2.2.1.6
3293,DHAD_3mob_h,4.2.1.9
3294,DHADh,4.2.1.9
3295,IMDHT,4.2.1.33
3296,IMDHT_3c2hmp,4.2.1.33
3297,KARI,5.4.99.3
3298,KARI_23dhmb,1.1.1.86
3299,KARI_23dhmp,1.1.1.86
3300,KARI_3hmoa,5.4.99.3
3301,TAL,4.3.1.19
3302,VALTLh,6.1.1.9
3303,ALDH,1.2.1.3
3304,DHRT_2mbcoa,2.3.1.168
3305,DHRT_ivcoa,2.3.1.168
3306,ECH_3hivcoa,4.2.1.17
3307,HIBH,3.1.2.4
3308,HMGL_1,4.1.3.4
3309,HMNO,1.1.1.35
3310,MCTC,6.4.1.4
3311,MGC,4.2.1.18
3312,MHGS,2.3.3.10
3313,MMSDH,1.2.1.27
3314,MOD,1.2.4.4
3315,MOD_3mhtpp,1.2.4.4
3316,MOD_3mop,1.2.4.4
3317,MOD_4mop,1.2.4.4
3318,BCTA,2.6.1.42
3319,BCTA_glu_h,2.6.1.67
3320,BCTA_val_h,2.6.1.6
3321,BCTAh,2.6.1.42
3322,PYDXDH_1,1.2.3.8
3323,PYDXO_1,1.4.3.5
3324,PYDXOR,1.1.1.65
3325,PYDXS,4.3.3.6
3326,ACSOMT,2.1.1.4
3327,ACSRTNMT,2.1.1.4
3328,ALCD21_D,1.1.1.77
3329,ALCD21_L,1.1.1.77
3330,ALCD22_L,1.1.1.21
3331,BDG2HCGHD,3.2.1.21
3332,DOPASULT,2.8.2.1
3333,GLUDym,1.4.1.4
3334,GLUVESSEC,3.6.3.21
3335,MCLOR,1.1.1.27
3336,NaKt,3.6.3.9
3337,P4502C93,1.14.13.49
3338,STS1,3.1.6.2
3339,STS1r,3.1.6.2
3340,STS2,3.1.6.2
3341,STS2r,3.1.6.2
3342,STS3,3.1.6.2
3343,STS3r,3.1.6.2
3344,STS4,3.1.6.2
3345,STS4r,3.1.6.2
3346,UGT1A10r,2.4.1.17
3347,UGT1A1r,2.4.1.17
3348,UGT1A2r,2.4.1.95
3349,UGT1A3r,2.4.1.17
3350,UGT1A4r,2.4.1.17
3351,UGT1A5r,2.4.1.17
3352,UGT1A6r,2.4.1.17
3353,UGT1A7r,2.4.1.17
3354,UGT1A8r,2.4.1.17
3355,BILIRBU,2.4.1.17
3356,C160CPT2rbc,2.3.1.21
3357,DM_nadh,1.8.1.15
3358,GULND,1.1.1.2
